,Date,Open,High,Low,Close,Volume,index,Date_1305,Close_1305,diff_1305,Date_1306,Close_1306,diff_1306,Date_1308,Close_1308,diff_1308,Date_1320,Close_1320,diff_1320,Date_1321,Close_1321,diff_1321,Date_1329,Close_1329,diff_1329,Date_1330,Close_1330,diff_1330,Date_1346,Close_1346,diff_1346,Date_1348,Close_1348,diff_1348,Date_1369,Close_1369,diff_1369,Date_1475,Close_1475,diff_1475,Date_1578,Close_1578,diff_1578,Date_2035,Close_2035,diff_2035
0,2018-08-09,4045,4058,4022,4035,1098700,0,2018-08-09,1805,-0.002762430939226568,2018-08-09,1782,-0.002239641657334812,2018-08-09,1762,-0.0028296547821166085,2018-08-09,23060,-0.0017316017316016952,2018-08-09,23090,-0.002160760587726851,2018-08-09,23160,-0.0017241379310344307,2018-08-09,23150,-0.0025850926324859635,2018-08-09,23200,-0.0017211703958691649,2018-08-09,1786,-0.001676914477361624,2018-08-09,22680,0.00044111160123505577,2018-08-09,1752,-0.0017094017094017033,2018-08-09,1807,-0.0005530973451327581,2018-08-09,1526,-0.009090909090909038
1,2018-08-08,3988,4040,3976,4020,1108300,1,2018-08-08,1810,0.0,2018-08-08,1786,0.0,2018-08-08,1767,-0.0005656108597285048,2018-08-08,23100,0.0004330879168470414,2018-08-08,23140,0.0008650519031141446,2018-08-08,23200,-0.0004308487720809939,2018-08-08,23210,-0.00043066322136087187,2018-08-08,23240,0.000430477830391629,2018-08-08,1789,-0.001116694584031297,2018-08-08,22670,-0.00044091710758376035,2018-08-08,1755,-0.0011383039271485318,2018-08-08,1808,-0.0011049723756906271,2018-08-08,1540,-0.015974440894568676
2,2018-08-07,3955,3994,3943,3986,863400,2,2018-08-07,1810,0.0072342793544797335,2018-08-07,1786,0.007900677200902928,2018-08-07,1768,0.007981755986316896,2018-08-07,23090,0.006538796861377483,2018-08-07,23120,0.005654632448890862,2018-08-07,23210,-0.002149613069647449,2018-08-07,23220,0.007375271149674623,2018-08-07,23230,0.005627705627705648,2018-08-07,1791,0.00901408450704233,2018-08-07,22680,0.0066577896138482195,2018-08-07,1757,-0.0011370096645821892,2018-08-07,1810,0.007795100222717233,2018-08-07,1565,0.012944983818770295
3,2018-08-06,4004,4015,3974,3975,734400,3,2018-08-06,1797,-0.006084070796460228,2018-08-06,1772,-0.006726457399103158,2018-08-06,1754,-0.006795016987542479,2018-08-06,22940,-0.0008710801393728707,2018-08-06,22990,0.0,2018-08-06,23260,0.0,2018-08-06,23050,-0.000866926744690022,2018-08-06,23100,0.0,2018-08-06,1775,-0.006159014557670761,2018-08-06,22530,0.0,2018-08-06,1759,-0.005652911249293346,2018-08-06,1796,0.0,2018-08-06,1545,-0.024005053695514866
4,2018-08-03,4008,4019,3985,3991,1173500,4,2018-08-03,1808,-0.0038567493112947604,2018-08-03,1784,-0.005019520356943641,2018-08-03,1766,-0.00450958286358516,2018-08-03,22960,0.0008718395815170421,2018-08-03,22990,0.0008707009142359112,2018-08-03,23260,0.000860585197934638,2018-08-03,23070,0.0008676789587851452,2018-08-03,23100,-0.0004327131112072946,2018-08-03,1786,-0.005013927576601684,2018-08-03,22530,0.0,2018-08-03,1769,-0.005061867266591635,2018-08-03,1796,0.0022321428571427937,2018-08-03,1583,-0.020420792079207883
5,2018-08-02,4050,4062,4000,4002,1362600,5,2018-08-02,1815,-0.0011007154650523043,2018-08-02,1793,-0.0005574136008918984,2018-08-02,1774,-0.0005633802816901179,2018-08-02,22940,-0.00260869565217392,2018-08-02,22970,-0.0030381944444444198,2018-08-02,23240,-0.0030030030030030463,2018-08-02,23050,-0.003027681660899617,2018-08-02,23110,-0.0008646779074794608,2018-08-02,1795,-0.0016685205784204848,2018-08-02,22530,-0.003978779840848823,2018-08-02,1778,-0.0005621135469364713,2018-08-02,1792,-0.0049972237645752315,2018-08-02,1616,-0.02591922845087402
6,2018-07-31,4204,4211,4105,4123,1798700,6,2018-07-31,1817,-0.008728859792689558,2018-07-31,1794,-0.008839779005524906,2018-07-31,1775,-0.008933556672250154,2018-07-31,23000,0.0008703220191470518,2018-07-31,23040,0.0013037809647979959,2018-07-31,23310,0.0012886597938144284,2018-07-31,23120,0.0012992637505413462,2018-07-31,23130,0.0004325259515571833,2018-07-31,1798,-0.007726269315673329,2018-07-31,22620,0.0022153300841825097,2018-07-31,1779,-0.008913649025069637,2018-07-31,1801,0.0005555555555556424,2018-07-31,1659,-0.030957943925233655
7,2018-07-30,4254,4279,4239,4259,681100,7,2018-07-30,1833,-0.00434546442151007,2018-07-30,1810,-0.0033039647577092213,2018-07-30,1791,-0.0038932146829810943,2018-07-30,22980,-0.006485084306095956,2018-07-30,23010,-0.006905481225722876,2018-07-30,23280,-0.006402048655569814,2018-07-30,23090,-0.007308684436801327,2018-07-30,23120,-0.007299270072992692,2018-07-30,1812,-0.003848268279274314,2018-07-30,22570,-0.005726872246695991,2018-07-30,1795,-0.004988913525498906,2018-07-30,1800,-0.008264462809917328,2018-07-30,1712,0.016023738872403603
8,2018-07-27,4259,4296,4256,4283,1113800,8,2018-07-27,1841,0.004912663755458624,2018-07-27,1816,0.003869541182974112,2018-07-27,1798,0.005030743432084872,2018-07-27,23130,0.0047784535186794486,2018-07-27,23170,0.0056423611111111605,2018-07-27,23430,0.004716981132075526,2018-07-27,23260,0.005620406398616495,2018-07-27,23290,0.005613126079447417,2018-07-27,1819,0.004417448923246914,2018-07-27,22700,0.0030932390631903672,2018-07-27,1804,0.006134969325153339,2018-07-27,1815,0.007214206437291981,2018-07-27,1685,0.0
9,2018-07-26,4233,4270,4219,4227,993900,9,2018-07-26,1832,0.008255365987892116,2018-07-26,1809,0.008923591745677584,2018-07-26,1789,0.008455467869222133,2018-07-26,23020,-0.0004342162396873128,2018-07-26,23040,-0.0008673026886383273,2018-07-26,23320,-0.0008568980291345785,2018-07-26,23130,-0.0008639308855291628,2018-07-26,23160,-0.0008628127696289623,2018-07-26,1811,0.0077907623817472516,2018-07-26,22630,0.0,2018-07-26,1793,0.00786958965711082,2018-07-26,1802,-0.0033185840707964376,2018-07-26,1685,-0.004725339633786185
10,2018-07-25,4203,4246,4180,4191,1264900,10,2018-07-25,1817,0.00331308669243513,2018-07-25,1793,0.003919372900335949,2018-07-25,1774,0.0033936651583710287,2018-07-25,23030,0.0039232781168265785,2018-07-25,23060,0.0030448020878643955,2018-07-25,23340,0.0034393809114359186,2018-07-25,23150,0.00433839479392617,2018-07-25,23180,0.0034632034632033903,2018-07-25,1797,0.003350083752093891,2018-07-25,22630,0.003992901508429458,2018-07-25,1779,0.0033840947546530664,2018-07-25,1808,0.006121313299944253,2018-07-25,1693,-0.021387283236994237
11,2018-07-24,4220,4220,4176,4180,929400,11,2018-07-24,1811,0.0038802660753880502,2018-07-24,1786,0.003370786516853963,2018-07-24,1768,0.003975014196479165,2018-07-24,22940,0.005699254712845159,2018-07-24,22990,0.00568678915135612,2018-07-24,23260,0.006490696668109086,2018-07-24,23050,0.0047951176983433985,2018-07-24,23100,0.005659555942533645,2018-07-24,1791,0.003923766816143592,2018-07-24,22540,0.00535236396074934,2018-07-24,1773,0.00339558573853993,2018-07-24,1797,0.004471771939630997,2018-07-24,1730,-0.02699662542182224
12,2018-07-23,4161,4212,4148,4205,1208500,12,2018-07-23,1804,-0.004415011037527616,2018-07-23,1780,-0.0033594624860022737,2018-07-23,1761,-0.00339558573853993,2018-07-23,22810,-0.013408304498269907,2018-07-23,22860,-0.01380500431406384,2018-07-23,23110,-0.014498933901919031,2018-07-23,22940,-0.012908777969018903,2018-07-23,22970,-0.01289213579716375,2018-07-23,1784,-0.003908431044109428,2018-07-23,22420,-0.012334801762114544,2018-07-23,1767,-0.0028216704288939187,2018-07-23,1789,-0.01050884955752207,2018-07-23,1778,0.039766081871345005
13,2018-07-20,4173,4209,4172,4196,1859900,13,2018-07-20,1812,-0.0016528925619834212,2018-07-20,1786,-0.0022346368715083775,2018-07-20,1767,-0.0033840947546531774,2018-07-20,23120,-0.004306632213608941,2018-07-20,23180,-0.002581755593803803,2018-07-20,23450,-0.002552105487026779,2018-07-20,23240,-0.0034305317324184736,2018-07-20,23270,-0.0038527397260273988,2018-07-20,1791,-0.0016722408026755842,2018-07-20,22700,-0.005258545135845782,2018-07-20,1772,-0.00393479482855541,2018-07-20,1808,-0.00659340659340657,2018-07-20,1710,0.011235955056179803
14,2018-07-19,4117,4159,4111,4134,1530600,14,2018-07-19,1815,-0.0016501650165016146,2018-07-19,1790,-0.0005583472920156485,2018-07-19,1773,-0.0005636978579481866,2018-07-19,23220,-0.001290322580645209,2018-07-19,23240,-0.0008598452278589797,2018-07-19,23510,-0.004657070279424191,2018-07-19,23320,-0.001712328767123239,2018-07-19,23360,-0.0017094017094017033,2018-07-19,1794,-0.0005571030640668662,2018-07-19,22820,0.0,2018-07-19,1779,0.0005624296962880582,2018-07-19,1820,0.0005497526113249496,2018-07-19,1691,0.013181545835829755
15,2018-07-18,4059,4086,4040,4075,1001900,15,2018-07-18,1818,0.004975124378109541,2018-07-18,1791,0.0022383883603804833,2018-07-18,1774,0.0045300113250283935,2018-07-18,23250,0.004319654427645814,2018-07-18,23260,0.003451251078516071,2018-07-18,23620,0.006820119352088705,2018-07-18,23360,0.004299226139294898,2018-07-18,23400,0.00472305710605414,2018-07-18,1795,0.0039149888143177325,2018-07-18,22820,0.0017559262510975504,2018-07-18,1778,0.0028200789622110367,2018-07-18,1819,0.0011007154650521933,2018-07-18,1669,-0.01125592417061616
16,2018-07-17,4012,4052,3989,4037,1196800,16,2018-07-17,1809,0.007799442896935904,2018-07-17,1787,0.009604519774011333,2018-07-17,1766,0.008566533409480215,2018-07-17,23150,0.00521059487624842,2018-07-17,23180,0.004332755632582286,2018-07-17,23460,0.00471092077087798,2018-07-17,23260,0.004751619870410284,2018-07-17,23290,0.004745470232959459,2018-07-17,1788,0.007323943661971866,2018-07-17,22780,0.005739514348785946,2018-07-17,1773,0.008532423208191142,2018-07-17,1817,0.007764836383804763,2018-07-17,1688,-0.018604651162790753
17,2018-07-13,3903,3965,3896,3952,1093500,17,2018-07-13,1795,0.01183765501691103,2018-07-13,1770,0.010273972602739656,2018-07-13,1751,0.010969976905311762,2018-07-13,23030,0.01812555260831128,2018-07-13,23080,0.018085575650639507,2018-07-13,23350,0.0187609075043631,2018-07-13,23150,0.018029903254177748,2018-07-13,23180,0.018453427065026284,2018-07-13,1775,0.012549914432401499,2018-07-13,22650,0.020270270270270174,2018-07-13,1758,0.011507479861910141,2018-07-13,1803,0.01749435665914212,2018-07-13,1720,-0.022171688459351913
18,2018-07-12,3912,3930,3896,3915,1206800,18,2018-07-12,1774,0.005668934240362855,2018-07-12,1752,0.006318207926478969,2018-07-12,1732,0.0052234474753336535,2018-07-12,22620,0.011627906976744207,2018-07-12,22670,0.01250558284948644,2018-07-12,22920,0.011027790030877727,2018-07-12,22740,0.012466607301869992,2018-07-12,22760,0.01245551601423478,2018-07-12,1753,0.0051605504587155515,2018-07-12,22200,0.012773722627737127,2018-07-12,1738,0.0057870370370369795,2018-07-12,1772,0.01780585870189544,2018-07-12,1759,-0.030319735391400204
19,2018-07-11,3900,3911,3867,3893,1191900,19,2018-07-11,1764,-0.010101010101010055,2018-07-11,1741,-0.009670079635949902,2018-07-11,1723,-0.008059873344847479,2018-07-11,22360,-0.012803532008829999,2018-07-11,22390,-0.013221683561040143,2018-07-11,22670,-0.014776184267709658,2018-07-11,22460,-0.012747252747252746,2018-07-11,22480,-0.021332172398781046,2018-07-11,1744,-0.019122609673790758,2018-07-11,21920,-0.016157989228007152,2018-07-11,1728,-0.009742120343839589,2018-07-11,1741,-0.021360314783586243,2018-07-11,1814,0.006100942872989457
20,2018-07-10,3910,3927,3897,3900,1332100,20,2018-07-10,1782,0.003943661971830936,2018-07-10,1758,0.0028522532800911993,2018-07-10,1737,0.002308136180034559,2018-07-10,22650,0.008010680907877266,2018-07-10,22690,0.008444444444444477,2018-07-10,23010,0.010540184453228019,2018-07-10,22750,0.007975188303057212,2018-07-10,22970,0.008340649692712976,2018-07-10,1778,0.003386004514672747,2018-07-10,22280,0.008144796380090469,2018-07-10,1745,0.002873563218390718,2018-07-10,1779,-0.005033557046979831,2018-07-10,1803,-0.015829694323144072
21,2018-07-09,3884,3909,3876,3881,893200,21,2018-07-09,1775,0.010820045558086466,2018-07-09,1753,0.012124711316397141,2018-07-09,1733,0.01167542323409232,2018-07-09,22470,0.010796221322537214,2018-07-09,22500,0.010327795240233417,2018-07-09,22770,0.008414526129318034,2018-07-09,22570,0.010747872816838422,2018-07-09,22780,0.010199556541020005,2018-07-09,1772,0.011415525114155223,2018-07-09,22100,0.009132420091324311,2018-07-09,1740,0.011627906976744207,2018-07-09,1788,0.0033670033670034627,2018-07-09,1832,-0.05126877265665464
22,2018-07-06,3897,3906,3866,3871,950300,22,2018-07-06,1756,-0.00958826847151717,2018-07-06,1732,-0.007449856733524385,2018-07-06,1713,0.008833922261484162,2018-07-06,22230,-0.005813953488372103,2018-07-06,22270,0.011353315168028955,2018-07-06,22580,0.013010318528488218,2018-07-06,22330,0.011322463768115965,2018-07-06,22550,0.01166442350829966,2018-07-06,1752,0.008055235903337232,2018-07-06,21900,0.01295097132284928,2018-07-06,1720,0.009982384028185631,2018-07-06,1782,0.013651877133105783,2018-07-06,1931,-0.07607655502392341
23,2018-07-05,3900,3918,3873,3882,934900,23,2018-07-05,1773,-0.007834359261331802,2018-07-05,1745,-0.00964812712826335,2018-07-05,1698,-0.009334889148191361,2018-07-05,22360,-0.007545494895694671,2018-07-05,22020,-0.008108108108108136,2018-07-05,22290,-0.006684491978609652,2018-07-05,22080,-0.007640449438202301,2018-07-05,22290,-0.007126948775055708,2018-07-05,1738,-0.007990867579908634,2018-07-05,21620,-0.006433823529411797,2018-07-05,1703,-0.009307737056428178,2018-07-05,1758,0.009184845005740572,2018-07-05,2090,0.019015114578254444
24,2018-07-04,3874,3912,3860,3903,806300,24,2018-07-04,1787,0.0005599104143336753,2018-07-04,1762,0.001136363636363713,2018-07-04,1714,-0.018327605956471982,2018-07-04,22530,-0.003097345132743401,2018-07-04,22200,-0.018567639257294433,2018-07-04,22440,-0.003552397868561319,2018-07-04,22250,-0.017660044150110354,2018-07-04,22450,-0.0026654820079964336,2018-07-04,1752,0.0005711022272987254,2018-07-04,21760,-0.00910746812386154,2018-07-04,1719,-0.0005813953488371659,2018-07-04,1742,-0.013031161473087804,2018-07-04,2051,-0.007260406582768608
25,2018-07-03,3863,3879,3845,3874,1307400,25,2018-07-03,1786,-0.0027917364600781314,2018-07-03,1760,-0.001701644923425949,2018-07-03,1746,-0.0017152658662092923,2018-07-03,22600,-0.001325673884224443,2018-07-03,22620,0.0004422821760283746,2018-07-03,22520,-0.0008873114463177068,2018-07-03,22650,-0.0030809859154929953,2018-07-03,22510,-0.001330967169476449,2018-07-03,1751,-0.0017103762827822555,2018-07-03,21960,-0.0027247956403270157,2018-07-03,1720,-0.0011614401858304202,2018-07-03,1765,0.00914808461978267,2018-07-03,2066,-0.0124282982791587
26,2018-07-02,3921,3921,3837,3837,1650200,26,2018-07-02,1791,-0.0191675794085433,2018-07-02,1763,-0.02164261931187572,2018-07-02,1749,-0.019068984856982607,2018-07-02,22630,-0.02077022933794892,2018-07-02,22610,-0.02163565556036351,2018-07-02,22540,-0.022125813449023868,2018-07-02,22720,-0.0202673566192324,2018-07-02,22540,-0.02170138888888884,2018-07-02,1754,-0.020111731843575398,2018-07-02,22020,-0.021333333333333315,2018-07-02,1722,-0.020477815699658675,2018-07-02,1749,-0.020716685330347095,2018-07-02,2092,0.08225556130367306
27,2018-06-29,3971,3979,3918,3928,1181600,27,2018-06-29,1826,0.002195389681668436,2018-06-29,1802,0.0027824151363382565,2018-06-29,1783,0.001122964626614209,2018-06-29,23110,0.0008661758336943048,2018-06-29,23110,0.0012998266897747968,2018-06-29,23050,0.0021739130434783593,2018-06-29,23190,0.0008631851532152623,2018-06-29,23040,0.0008688097306690512,2018-06-29,1790,0.0016787912702853625,2018-06-29,22500,0.0017809439002671734,2018-06-29,1758,0.0028522532800911993,2018-06-29,1786,-0.0011185682326622093,2018-06-29,1933,-0.004634397528321288
28,2018-06-28,3991,3992,3908,3931,2157400,28,2018-06-28,1822,-0.002736726874657869,2018-06-28,1797,-0.002774694783573839,2018-06-28,1781,-0.0022408963585434094,2018-06-28,23090,0.0004332755632583396,2018-06-28,23080,0.0004334633723450665,2018-06-28,23000,0.0008703220191470518,2018-06-28,23170,0.00043177892918833116,2018-06-28,23020,-0.0008680555555555802,2018-06-28,1787,-0.002790178571428603,2018-06-28,22460,-0.001777777777777767,2018-06-28,1753,-0.0034110289937464566,2018-06-28,1788,0.0,2018-06-28,1942,0.024261603375527407
29,2018-06-27,4046,4065,4009,4013,1074600,29,2018-06-27,1827,-0.000547045951859948,2018-06-27,1802,0.0,2018-06-27,1785,0.0,2018-06-27,23080,-0.0038843331894691246,2018-06-27,23070,-0.003455723542116651,2018-06-27,22980,-0.0030368763557483414,2018-06-27,23160,-0.0030133448127421802,2018-06-27,23040,-0.0017331022530329143,2018-06-27,1792,-0.000557724484104849,2018-06-27,22500,-0.0017746228926353025,2018-06-27,1759,0.0011383039271486428,2018-06-27,1788,-0.0033444816053511683,2018-06-27,1896,0.03776683087027921
30,2018-06-26,4045,4069,4007,4063,1032600,30,2018-06-26,1828,0.0016438356164383272,2018-06-26,1802,0.0016675931072818173,2018-06-26,1785,0.002808988764045006,2018-06-26,23170,0.0008639308855291628,2018-06-26,23150,-0.00043177892918822014,2018-06-26,23050,-0.00043365134431916363,2018-06-26,23230,0.00043066322136087187,2018-06-26,23080,-0.0004330879168471524,2018-06-26,1793,0.002796420581655523,2018-06-26,22540,-0.0008865248226950229,2018-06-26,1757,0.0011396011396012096,2018-06-26,1794,0.0011160714285713969,2018-06-26,1827,-0.00868149755832881
31,2018-06-25,4100,4104,4048,4059,809000,31,2018-06-25,1825,-0.009766684753119925,2018-06-25,1799,-0.009361233480176256,2018-06-25,1780,-0.011111111111111072,2018-06-25,23150,-0.007715387912558991,2018-06-25,23160,-0.0072867552507500655,2018-06-25,23060,-0.008172043010752694,2018-06-25,23220,-0.008116189662537354,2018-06-25,23090,-0.007308684436801327,2018-06-25,1788,-0.009418282548476431,2018-06-25,22560,-0.00747910250769912,2018-06-25,1755,-0.00903444381705254,2018-06-25,1792,-0.009944751381215422,2018-06-25,1843,0.022752497225305257
32,2018-06-22,4109,4117,4084,4096,968500,32,2018-06-22,1843,-0.0016251354279522845,2018-06-22,1816,-0.0027457440966501823,2018-06-22,1800,-0.0016638935108153063,2018-06-22,23330,-0.007234042553191489,2018-06-22,23330,-0.007234042553191489,2018-06-22,23250,-0.006834686031610415,2018-06-22,23410,-0.007630351844001737,2018-06-22,23260,-0.0072556551429791005,2018-06-22,1805,-0.003863134657836609,2018-06-22,22730,-0.009586056644880214,2018-06-22,1771,-0.0022535211267605826,2018-06-22,1810,-0.009304871373836843,2018-06-22,1802,0.020385050962627327
33,2018-06-21,4130,4161,4100,4101,1144800,33,2018-06-21,1846,-0.00216216216216214,2018-06-21,1821,-0.0005488474204171645,2018-06-21,1803,-0.001108033240997175,2018-06-21,23500,0.0064239828693790635,2018-06-21,23500,0.0051325919589393365,2018-06-21,23410,0.005584192439862523,2018-06-21,23590,0.005970149253731405,2018-06-21,23430,0.006011163589523472,2018-06-21,1812,0.0,2018-06-21,22950,0.009678838539375345,2018-06-21,1775,-0.0022484541877458852,2018-06-21,1827,0.007166482910694549,2018-06-21,1766,-0.02160664819944602
34,2018-06-20,4134,4152,4105,4130,1039800,34,2018-06-20,1850,0.004343105320304019,2018-06-20,1822,0.004964147821290732,2018-06-20,1805,0.0038932146829810943,2018-06-20,23350,0.011260285838025075,2018-06-20,23380,0.0121212121212122,2018-06-20,23280,0.012173913043478368,2018-06-20,23450,0.012521588946459383,2018-06-20,23290,0.012168622338113888,2018-06-20,1812,0.0038781163434902233,2018-06-20,22730,0.010222222222222133,2018-06-20,1779,0.005084745762711895,2018-06-20,1814,0.013407821229050265,2018-06-20,1805,0.01747463359639223
35,2018-06-19,4200,4201,4130,4130,1400300,35,2018-06-19,1842,-0.014446227929374,2018-06-19,1813,-0.016277807921866505,2018-06-19,1798,-0.014794520547945167,2018-06-19,23090,-0.017028522775649257,2018-06-19,23100,-0.016602809706257937,2018-06-19,23000,-0.01751388295600176,2018-06-19,23160,-0.017394993635977962,2018-06-19,23010,-0.017506404782237417,2018-06-19,1805,-0.014199890770071,2018-06-19,22500,-0.01488616462346759,2018-06-19,1770,-0.016120066703724345,2018-06-19,1790,-0.016483516483516536,2018-06-19,1774,0.05973715651135003
36,2018-06-18,4290,4304,4212,4246,966000,36,2018-06-18,1869,-0.010063559322033844,2018-06-18,1843,-0.008606777837547042,2018-06-18,1825,-0.00869092884302014,2018-06-18,23490,-0.0076045627376425395,2018-06-18,23490,-0.007185122569737912,2018-06-18,23410,-0.006788290199406077,2018-06-18,23570,-0.0075789473684210185,2018-06-18,23420,-0.007627118644067843,2018-06-18,1831,-0.010804970286331761,2018-06-18,22840,-0.007819287576020906,2018-06-18,1799,-0.007722007722007707,2018-06-18,1820,-0.007092198581560294,2018-06-18,1674,0.017010935601458055
37,2018-06-15,4299,4308,4275,4294,1337700,37,2018-06-15,1888,0.0031880977683316214,2018-06-15,1859,0.0026968716289104133,2018-06-15,1841,0.002723311546841023,2018-06-15,23670,0.004668930390492321,2018-06-15,23660,0.0038184132371659185,2018-06-15,23570,0.004260758414997845,2018-06-15,23750,0.0042283298097252064,2018-06-15,23600,0.0038281582305401685,2018-06-15,1851,0.002708559046587178,2018-06-15,23020,0.004801396769969379,2018-06-15,1813,0.001104362230811784,2018-06-15,1833,0.003284072249589487,2018-06-15,1646,-0.007237635705669487
38,2018-06-14,4336,4359,4320,4335,1173100,38,2018-06-14,1882,-0.0094736842105263,2018-06-14,1854,-0.009086050240513122,2018-06-14,1836,-0.010242587601078212,2018-06-14,23560,-0.009251471825063029,2018-06-14,23570,-0.00883095037846926,2018-06-14,23470,-0.008868243243243201,2018-06-14,23650,-0.010046044370029317,2018-06-14,23510,-0.008435259384226068,2018-06-14,1846,-0.008060182697474438,2018-06-14,22910,-0.009511456982274069,2018-06-14,1811,-0.009299781181619227,2018-06-14,1827,-0.0076045627376425395,2018-06-14,1658,-0.005398920215956782
39,2018-06-13,4300,4352,4295,4350,980100,39,2018-06-13,1900,0.003697834125726329,2018-06-13,1871,0.0032171581769437907,2018-06-13,1855,0.0043313481321061165,2018-06-13,23780,0.002952340784479146,2018-06-13,23780,0.002529510961214232,2018-06-13,23680,0.003389830508474523,2018-06-13,23890,0.0037815126050420034,2018-06-13,23710,0.0029610829103214886,2018-06-13,1861,0.003775620280474623,2018-06-13,23130,0.0012987012987013546,2018-06-13,1828,0.004947773501924102,2018-06-13,1841,0.002723311546841023,2018-06-13,1667,-0.021139166177334134
40,2018-06-12,4302,4320,4243,4287,1128100,40,2018-06-12,1893,0.004777070063694211,2018-06-12,1865,0.003767491926802924,2018-06-12,1847,0.002714440825190012,2018-06-12,23710,0.0033855268726195042,2018-06-12,23720,0.003808717731696998,2018-06-12,23600,0.002974925626859415,2018-06-12,23800,0.003372681281618828,2018-06-12,23640,0.003821656050955413,2018-06-12,1854,0.0037899296155927686,2018-06-12,23100,0.0034752389226759828,2018-06-12,1819,0.002756339581036382,2018-06-12,1836,0.002730748225013624,2018-06-12,1703,-0.012180974477958184
41,2018-06-11,4256,4285,4229,4277,707400,41,2018-06-11,1884,0.0026609898882383742,2018-06-11,1858,0.003239740820734305,2018-06-11,1842,0.0032679738562091387,2018-06-11,23630,0.00553191489361704,2018-06-11,23630,0.005104210974053558,2018-06-11,23530,0.004696840307429451,2018-06-11,23720,0.00593723494486853,2018-06-11,23550,0.005121638924455718,2018-06-11,1847,0.002714440825190012,2018-06-11,23020,0.003924989097252585,2018-06-11,1814,0.0033185840707965486,2018-06-11,1831,0.0027382256297918683,2018-06-11,1724,-0.011467889908256867
42,2018-06-08,4261,4288,4249,4256,1168700,42,2018-06-08,1879,-0.004766949152542388,2018-06-08,1852,-0.004301075268817178,2018-06-08,1836,-0.0032573289902280145,2018-06-08,23500,-0.005922165820642977,2018-06-08,23510,-0.005919661733615245,2018-06-08,23420,-0.005942275042444822,2018-06-08,23580,-0.00590219224283306,2018-06-08,23430,-0.006361323155216314,2018-06-08,1842,-0.0037858301784748916,2018-06-08,22930,-0.003043478260869592,2018-06-08,1808,-0.004405286343612369,2018-06-08,1826,-0.001094091903719896,2018-06-08,1744,0.01631701631701632
43,2018-06-07,4245,4297,4243,4297,1219500,43,2018-06-07,1888,0.006396588486140775,2018-06-07,1860,0.005949161709031925,2018-06-07,1842,0.006007646095030017,2018-06-07,23640,0.008532423208191142,2018-06-07,23650,0.008959044368600733,2018-06-07,23560,0.008993576017130689,2018-06-07,23720,0.008503401360544283,2018-06-07,23580,0.009417808219178037,2018-06-07,1849,0.0054377379010330795,2018-06-07,23000,0.007005253940455258,2018-06-07,1816,0.006651884700665134,2018-06-07,1828,0.005500550055005604,2018-06-07,1716,-0.027762039660056637
44,2018-06-06,4220,4231,4178,4230,1234400,44,2018-06-06,1876,0.0016017084890549427,2018-06-06,1849,0.0016251354279523955,2018-06-06,1831,0.0005464480874317612,2018-06-06,23440,0.00428449014567267,2018-06-06,23440,0.003854389721627438,2018-06-06,23350,0.004733218588640176,2018-06-06,23520,0.004269854824936026,2018-06-06,23360,0.0038676407391491363,2018-06-06,1839,0.0016339869281045694,2018-06-06,22840,0.006167400881057272,2018-06-06,1804,0.0005546311702717688,2018-06-06,1818,0.006087437742114066,2018-06-06,1765,0.0011344299489506326
45,2018-06-05,4250,4251,4183,4193,921900,45,2018-06-05,1873,0.0,2018-06-05,1846,-0.0005414185165132368,2018-06-05,1830,0.0016420361247948545,2018-06-05,23340,0.002577319587628857,2018-06-05,23350,0.0025762129669386624,2018-06-05,23240,0.0025884383088869978,2018-06-05,23420,0.0025684931506848585,2018-06-05,23270,0.0021533161068045814,2018-06-05,1836,-0.0005443658138268859,2018-06-05,22700,0.001765225066195919,2018-06-05,1803,0.001110494169905607,2018-06-05,1807,0.001108033240997175,2018-06-05,1763,-0.013982102908277394
46,2018-06-04,4205,4241,4196,4222,1068000,46,2018-06-04,1873,0.015176151761517653,2018-06-04,1847,0.014835164835164782,2018-06-04,1827,0.012749445676274895,2018-06-04,23280,0.01437908496732021,2018-06-04,23290,0.014814814814814836,2018-06-04,23180,0.013998250218722585,2018-06-04,23360,0.0143291359096831,2018-06-04,23220,0.014860139860139787,2018-06-04,1837,0.015478164731896005,2018-06-04,22660,0.01070472792149868,2018-06-04,1801,0.014647887323943731,2018-06-04,1805,0.014044943820224809,2018-06-04,1788,-0.04893617021276597
47,2018-06-01,4234,4248,4200,4205,1013800,47,2018-06-01,1845,0.0005422993492407713,2018-06-01,1820,0.001651073197578512,2018-06-01,1804,0.0027793218454696955,2018-06-01,22950,-0.0021739130434782483,2018-06-01,22950,-0.0021739130434782483,2018-06-01,22860,-0.002182453077258839,2018-06-01,23030,-0.00303030303030305,2018-06-01,22880,-0.0017452006980802626,2018-06-01,1809,0.0005530973451326471,2018-06-01,22420,-0.0017809439002671734,2018-06-01,1775,0.0016930022573362624,2018-06-01,1780,-0.0022421524663677195,2018-06-01,1880,0.005347593582887722
48,2018-05-31,4290,4295,4212,4218,1928000,48,2018-05-31,1844,0.007650273224043769,2018-05-31,1817,0.0055340343110126256,2018-05-31,1799,0.005589714924538747,2018-05-31,23000,0.008329679964927728,2018-05-31,23000,0.008329679964927728,2018-05-31,22910,0.007919049714034232,2018-05-31,23100,0.009615384615384581,2018-05-31,22920,0.007472527472527579,2018-05-31,1808,0.006681514476614803,2018-05-31,22460,0.012167643082469537,2018-05-31,1772,0.003966005665722472,2018-05-31,1784,0.01076487252124636,2018-05-31,1870,-0.03209109730848858
49,2018-05-30,4262,4311,4255,4287,1317200,49,2018-05-30,1830,-0.016129032258064502,2018-05-30,1807,-0.013646288209607005,2018-05-30,1789,-0.015410016510731928,2018-05-30,22810,-0.014686825053995656,2018-05-30,22810,-0.014261019878997416,2018-05-30,22730,-0.014310494362532511,2018-05-30,22880,-0.01464254952627042,2018-05-30,22750,-0.014298093587521654,2018-05-30,1796,-0.014270032930845278,2018-05-30,22190,-0.011140819964349347,2018-05-30,1765,-0.013415315818893214,2018-05-30,1765,-0.015616285554935883,2018-05-30,1932,0.07872696817420444
50,2018-05-29,4361,4366,4307,4332,1224200,50,2018-05-29,1860,-0.003749330476700563,2018-05-29,1832,-0.004888647474198815,2018-05-29,1817,-0.004383561643835576,2018-05-29,23150,-0.005156854318865478,2018-05-29,23140,-0.005586592178770999,2018-05-29,23060,-0.0060344827586207295,2018-05-29,23220,-0.005567451820128522,2018-05-29,23080,-0.005172413793103403,2018-05-29,1822,-0.00491534680502459,2018-05-29,22440,-0.009708737864077666,2018-05-29,1789,-0.0050055617352614545,2018-05-29,1793,-0.005546311702717688,2018-05-29,1791,-0.02450980392156865
51,2018-05-28,4315,4377,4315,4366,1667000,51,2018-05-28,1867,-0.0005353319057815886,2018-05-28,1841,-0.0005428881650380024,2018-05-28,1825,-0.0005476451259583959,2018-05-28,23270,0.0,2018-05-28,23270,0.00042992261392948983,2018-05-28,23200,0.0012947777298231156,2018-05-28,23350,0.0004284490145671782,2018-05-28,23200,0.0004312203536007697,2018-05-28,1831,-0.0005458515283842669,2018-05-28,22660,0.0008833922261484162,2018-05-28,1798,0.0,2018-05-28,1803,0.0005549389567147678,2018-05-28,1836,-0.010242587601078212
52,2018-05-25,4260,4296,4234,4293,1989000,52,2018-05-25,1868,-0.0032017075773745907,2018-05-25,1842,-0.0021668472372697867,2018-05-25,1826,-0.002185792349726823,2018-05-25,23270,0.0008602150537635467,2018-05-25,23260,0.000860585197934638,2018-05-25,23170,0.0008639308855291628,2018-05-25,23340,0.0008576329331047017,2018-05-25,23190,0.0012953367875647714,2018-05-25,1832,-0.0027218290691344293,2018-05-25,22640,-0.0008826125330979595,2018-05-25,1798,-0.002773155851358844,2018-05-25,1802,0.0011111111111110628,2018-05-25,1855,-0.002151694459386788
53,2018-05-24,4216,4238,4201,4213,1563700,53,2018-05-24,1874,-0.011081794195250683,2018-05-24,1846,-0.012306046013911165,2018-05-24,1830,-0.011345218800648316,2018-05-24,23250,-0.011059123777116153,2018-05-24,23240,-0.01106382978723408,2018-05-24,23150,-0.012372013651877123,2018-05-24,23320,-0.011026293469041604,2018-05-24,23160,-0.011523687580025643,2018-05-24,1837,-0.011302475780408994,2018-05-24,22660,-0.010480349344978213,2018-05-24,1803,-0.012054794520547918,2018-05-24,1800,-0.012616566099835413,2018-05-24,1859,0.023115024766098058
54,2018-05-23,4165,4204,4157,4197,1852900,54,2018-05-23,1895,-0.007853403141361293,2018-05-23,1869,-0.006907545164718365,2018-05-23,1851,-0.006974248927038573,2018-05-23,23510,-0.011354079058031985,2018-05-23,23500,-0.011774600504625754,2018-05-23,23440,-0.010970464135021119,2018-05-23,23580,-0.012149141181399203,2018-05-23,23430,-0.011809363137916473,2018-05-23,1858,-0.008008542445274935,2018-05-23,22900,-0.011226252158894612,2018-05-23,1825,-0.0065323897659227415,2018-05-23,1823,-0.011388286334056419,2018-05-23,1817,0.05089647194910363
55,2018-05-22,4124,4156,4106,4144,1094100,55,2018-05-22,1910,-0.001568217459487764,2018-05-22,1882,-0.002649708532061479,2018-05-22,1864,-0.0032085561497325887,2018-05-22,23780,-0.0016792611251049694,2018-05-22,23780,-0.0016792611251049694,2018-05-22,23700,-0.0016849199663016012,2018-05-22,23870,-0.002090301003344508,2018-05-22,23710,-0.0016842105263158436,2018-05-22,1873,-0.0015991471215351938,2018-05-22,23160,-0.0008628127696289623,2018-05-22,1837,-0.002714440825190012,2018-05-22,1844,-0.0021645021645021467,2018-05-22,1729,-0.01256424900057107
56,2018-05-21,4141,4149,4114,4133,914400,56,2018-05-21,1913,-0.0005224660397074032,2018-05-21,1887,0.0,2018-05-21,1870,0.0005350454788657366,2018-05-21,23820,0.0037926675094817064,2018-05-21,23820,0.0033698399326032025,2018-05-21,23740,0.0038054968287526414,2018-05-21,23920,0.004198152812762368,2018-05-21,23750,0.002956081081081141,2018-05-21,1876,-0.0005327650506127268,2018-05-21,23180,0.0030289917784509512,2018-05-21,1842,0.0005431830526887449,2018-05-21,1848,0.005440696409140466,2018-05-21,1751,-0.009615384615384581
57,2018-05-18,4091,4119,4074,4114,798900,57,2018-05-18,1914,0.0036706869428422273,2018-05-18,1887,0.0037234042553191404,2018-05-18,1869,0.0032206119162641045,2018-05-18,23730,0.002958579881656709,2018-05-18,23740,0.0033812341504648735,2018-05-18,23650,0.0038200339558573937,2018-05-18,23820,0.0033698399326032025,2018-05-18,23680,0.004240882103477617,2018-05-18,1877,0.0037433155080213165,2018-05-18,23110,0.0012998266897747968,2018-05-18,1841,0.002723311546841023,2018-05-18,1838,0.0016348773841960984,2018-05-18,1768,-0.0045045045045044585
58,2018-05-17,4109,4114,4052,4072,955100,58,2018-05-17,1907,0.00474183350895685,2018-05-17,1880,0.0048102618920362605,2018-05-17,1863,0.004312668463611891,2018-05-17,23660,0.005524861878453136,2018-05-17,23660,0.005097706032285432,2018-05-17,23560,0.004262574595055524,2018-05-17,23740,0.004655099449851985,2018-05-17,23580,0.0046868342564976295,2018-05-17,1870,0.004296455424275036,2018-05-17,23080,0.006102877070619073,2018-05-17,1836,0.0049261083743843415,2018-05-17,1835,0.006030701754385914,2018-05-17,1776,-0.02950819672131144
59,2018-05-16,4067,4100,4059,4087,1288000,59,2018-05-16,1898,-0.0031512605042016695,2018-05-16,1871,-0.003196590303676028,2018-05-16,1855,-0.002151694459386788,2018-05-16,23530,-0.0038103302286197627,2018-05-16,23540,-0.003808717731696998,2018-05-16,23460,-0.003821656050955413,2018-05-16,23630,-0.003374103753690405,2018-05-16,23470,-0.003397027600849256,2018-05-16,1862,-0.0037453183520599342,2018-05-16,22940,-0.005203816131829964,2018-05-16,1827,-0.0021845985800109657,2018-05-16,1824,-0.004366812227074246,2018-05-16,1830,0.022346368715083775
60,2018-05-15,4046,4077,4045,4058,1352500,60,2018-05-15,1904,0.0005254860746191081,2018-05-15,1877,-0.001064395955295394,2018-05-15,1859,0.0,2018-05-15,23620,-0.0033755274261603185,2018-05-15,23630,-0.0025327142254115698,2018-05-15,23550,-0.0016956337431114354,2018-05-15,23710,-0.002943650126156383,2018-05-15,23550,-0.0033855268726195042,2018-05-15,1869,0.0010712372790573355,2018-05-15,23060,0.0013026487190621605,2018-05-15,1831,-0.0010911074740862503,2018-05-15,1832,-0.0016348773841962094,2018-05-15,1790,-0.009407858328721597
61,2018-05-14,4011,4042,4010,4032,937300,61,2018-05-14,1903,0.00528262017960901,2018-05-14,1879,0.005888650963597364,2018-05-14,1859,0.005952380952380931,2018-05-14,23700,0.004662992793556642,2018-05-14,23690,0.004239084357778644,2018-05-14,23590,0.004257130693912314,2018-05-14,23780,0.00507185122569731,2018-05-14,23630,0.00553191489361704,2018-05-14,1867,0.00592672413793105,2018-05-14,23030,0.004361098996947144,2018-05-14,1833,0.0071428571428571175,2018-05-14,1835,0.004928806133625452,2018-05-14,1807,-0.019001085776330084
62,2018-05-11,3980,4023,3968,4007,1655500,62,2018-05-11,1893,0.010138740661686185,2018-05-11,1868,0.010275824770145991,2018-05-11,1848,0.00928454396504641,2018-05-11,23590,0.012012012012011963,2018-05-11,23590,0.01244635193133048,2018-05-11,23490,0.012499999999999956,2018-05-11,23660,0.012409071459135612,2018-05-11,23500,0.01162290142057687,2018-05-11,1856,0.009793253536452662,2018-05-11,22930,0.01236203090507737,2018-05-11,1820,0.00942872989462007,2018-05-11,1826,0.012756516916250682,2018-05-11,1842,-0.04062500000000002
63,2018-05-10,4014,4016,3962,3985,2291000,63,2018-05-10,1874,0.0032119914346895317,2018-05-10,1849,0.003800217155266017,2018-05-10,1831,0.0032876712328766544,2018-05-10,23310,0.004308487720809939,2018-05-10,23300,0.0038776389487289453,2018-05-10,23200,0.003026372676178113,2018-05-10,23370,0.003434950622584809,2018-05-10,23230,0.003889369057908487,2018-05-10,1838,0.0032751091703056012,2018-05-10,22650,0.003100088573959159,2018-05-10,1803,0.0022234574763757564,2018-05-10,1803,0.0022234574763757564,2018-05-10,1920,-0.028831562974203306
64,2018-05-09,4126,4158,4054,4058,1881700,64,2018-05-09,1868,-0.005324813631522929,2018-05-09,1842,-0.004862236628849326,2018-05-09,1825,-0.004364429896344779,2018-05-09,23210,-0.004290004290004257,2018-05-09,23210,-0.005143591941705994,2018-05-09,23130,-0.0043047783039174,2018-05-09,23290,-0.004700854700854684,2018-05-09,23140,-0.004731182795698952,2018-05-09,1832,-0.005428881650380024,2018-05-09,22580,-0.005724350506384868,2018-05-09,1799,-0.003324099722991636,2018-05-09,1799,-0.004977876106194712,2018-05-09,1977,-0.01788375558867361
65,2018-05-08,4135,4150,4094,4130,1898200,65,2018-05-08,1878,0.0048154093097914075,2018-05-08,1851,0.0043407487791644606,2018-05-08,1833,0.003284072249589487,2018-05-08,23310,0.0012886597938144284,2018-05-08,23330,0.0025784271594326835,2018-05-08,23230,0.0017248814144028568,2018-05-08,23400,0.0025706940874035134,2018-05-08,23250,0.0021551724137931494,2018-05-08,1842,0.004909983633387904,2018-05-08,22710,0.007989347536617952,2018-05-08,1805,0.0033351862145636346,2018-05-08,1808,0.0038867295946696245,2018-05-08,2013,-0.009837678307919373
66,2018-05-07,4144,4145,4110,4134,1103600,66,2018-05-07,1869,0.0010712372790573355,2018-05-07,1843,0.0010863661053774898,2018-05-07,1827,0.00164473684210531,2018-05-07,23280,0.0008598452278589797,2018-05-07,23270,0.0,2018-05-07,23190,0.0,2018-05-07,23340,-0.0008561643835616195,2018-05-07,23200,0.0004312203536007697,2018-05-07,1833,0.0005458515283842669,2018-05-07,22530,-0.004858657243816289,2018-05-07,1799,0.0022284122562674646,2018-05-07,1801,0.0,2018-05-07,2033,-0.02959427207637233
67,2018-05-02,4215,4219,4153,4153,1355300,67,2018-05-02,1867,-0.0032034169781099964,2018-05-02,1841,-0.0016268980477223138,2018-05-02,1824,-0.002188183807439792,2018-05-02,23260,-0.002572898799313883,2018-05-02,23270,-0.001716001716001725,2018-05-02,23190,-0.0012919896640827266,2018-05-02,23360,-0.0017094017094017033,2018-05-02,23190,-0.002151462994836484,2018-05-02,1832,-0.002178649237472796,2018-05-02,22640,-0.0017636684303351524,2018-05-02,1795,-0.0022234574763757564,2018-05-02,1801,-0.003320420586607642,2018-05-02,2095,-0.04772727272727273
68,2018-05-01,4253,4262,4209,4235,1244600,68,2018-05-01,1873,0.0,2018-05-01,1844,-0.0027041644131963194,2018-05-01,1828,-0.0005467468562055933,2018-05-01,23320,0.002579535683576939,2018-05-01,23310,0.0012886597938144284,2018-05-01,23220,0.001293661060802087,2018-05-01,23400,0.0021413276231263545,2018-05-01,23240,0.0012925463162429818,2018-05-01,1836,0.0,2018-05-01,22680,0.002209456473707405,2018-05-01,1799,-0.002218524681087075,2018-05-01,1807,0.003331482509716821,2018-05-01,2200,-0.0072202166064981865
69,2018-04-27,4320,4326,4253,4310,1479300,69,2018-04-27,1873,0.0032137118371720064,2018-04-27,1849,0.0032555615843732344,2018-04-27,1829,0.0021917808219178436,2018-04-27,23260,0.006490696668109086,2018-04-27,23280,0.007356122890523675,2018-04-27,23190,0.006510416666666741,2018-04-27,23350,0.006031882809133915,2018-04-27,23210,0.0065047701647875655,2018-04-27,1836,0.0016366612111293755,2018-04-27,22630,0.006672597864768592,2018-04-27,1803,0.0022234574763757564,2018-04-27,1801,0.0061452513966480105,2018-04-27,2216,-0.015548645046645881
70,2018-04-26,4339,4339,4295,4309,897400,70,2018-04-26,1867,0.0021470746108427363,2018-04-26,1843,0.002175095160413365,2018-04-26,1825,0.0027472527472527375,2018-04-26,23110,0.003909643788010397,2018-04-26,23110,0.004345936549326357,2018-04-26,23040,0.005235602094240788,2018-04-26,23210,0.005197055002165385,2018-04-26,23060,0.00435540069686402,2018-04-26,1833,0.0016393442622950616,2018-04-26,22480,0.0035714285714285587,2018-04-26,1799,0.0016703786191536452,2018-04-26,1790,0.003925967470555181,2018-04-26,2251,0.016711833785004515
71,2018-04-25,4310,4342,4301,4311,1163100,71,2018-04-25,1863,-0.001607717041800627,2018-04-25,1839,-0.0010863661053774898,2018-04-25,1820,-0.000549148819329992,2018-04-25,23020,-0.0025996533795493715,2018-04-25,23010,-0.0034647033347769973,2018-04-25,22920,-0.0026109660574412663,2018-04-25,23090,-0.0034527406128614935,2018-04-25,22960,-0.0026064291920069316,2018-04-25,1830,0.0,2018-04-25,22400,0.0017889087656528524,2018-04-25,1796,0.0005571030640667551,2018-04-25,1783,-0.0022383883603804833,2018-04-25,2214,0.0036264732547597323
72,2018-04-24,4264,4330,4259,4330,1160400,72,2018-04-24,1866,0.011382113821138296,2018-04-24,1841,0.012651265126512712,2018-04-24,1821,0.01110494169905607,2018-04-24,23080,0.00830056793359546,2018-04-24,23090,0.009178321678321666,2018-04-24,22980,0.008336989907854253,2018-04-24,23170,0.008707009142359556,2018-04-24,23020,0.009206488382288436,2018-04-24,1830,0.012168141592920456,2018-04-24,22360,0.004492362982928988,2018-04-24,1795,0.010698198198198172,2018-04-24,1787,0.008465011286681756,2018-04-24,2206,-0.026048565121412848
73,2018-04-23,4235,4257,4225,4246,593400,73,2018-04-23,1845,-0.0016233766233766378,2018-04-23,1818,-0.001098901098901095,2018-04-23,1801,-0.0011092623405435376,2018-04-23,22890,-0.002614379084967311,2018-04-23,22880,-0.003918154114061823,2018-04-23,22790,-0.0030621172353455517,2018-04-23,22970,-0.00260529743812421,2018-04-23,22810,-0.003930131004366788,2018-04-23,1808,-0.0011049723756906271,2018-04-23,22260,-0.004026845637583931,2018-04-23,1776,0.0,2018-04-23,1772,-0.004494382022471877,2018-04-23,2265,-0.01777970511708582
74,2018-04-20,4203,4233,4197,4222,959900,74,2018-04-20,1848,0.0010834236186347823,2018-04-20,1820,0.0005497526113249496,2018-04-20,1803,0.0,2018-04-20,22950,-0.0021739130434782483,2018-04-20,22970,-0.0004351610095735259,2018-04-20,22860,-0.002182453077258839,2018-04-20,23030,-0.001300954032957491,2018-04-20,22900,-0.0008726003490401313,2018-04-20,1810,0.0005527915975678255,2018-04-20,22350,-0.0008940545373268272,2018-04-20,1776,0.0,2018-04-20,1780,0.0028169014084507005,2018-04-20,2306,0.008307826847398392
75,2018-04-19,4242,4243,4185,4190,1271600,75,2018-04-19,1846,0.0010845986984815426,2018-04-19,1819,-0.0005494505494505475,2018-04-19,1803,0.0005549389567147678,2018-04-19,23000,0.0017421602787457413,2018-04-19,22980,0.0017436791630340842,2018-04-19,22910,0.0026258205689277947,2018-04-19,23060,0.0013026487190621605,2018-04-19,22920,0.001310615989515096,2018-04-19,1809,0.0005530973451326471,2018-04-19,22370,0.0017913121361397,2018-04-19,1776,0.0005633802816902289,2018-04-19,1775,-0.0011254924029262536,2018-04-19,2287,-0.03502109704641354
76,2018-04-18,4239,4258,4218,4230,1180000,76,2018-04-18,1844,0.011519473395501967,2018-04-18,1820,0.011673151750972721,2018-04-18,1802,0.012928611579539062,2018-04-18,22960,0.015479876160990669,2018-04-18,22940,0.013698630136986356,2018-04-18,22850,0.013303769401330268,2018-04-18,23030,0.013644366197183011,2018-04-18,22890,0.014178112538768328,2018-04-18,1808,0.01118568232662187,2018-04-18,22330,0.013617793917385379,2018-04-18,1775,0.01139601139601143,2018-04-18,1777,0.01138303927148554,2018-04-18,2370,-0.016189290161892855
77,2018-04-17,4220,4252,4210,4240,976900,77,2018-04-17,1823,-0.0038251366120218844,2018-04-17,1799,-0.003324099722991636,2018-04-17,1779,-0.005033557046979831,2018-04-17,22610,-0.0004420866489831532,2018-04-17,22630,0.0008845643520565272,2018-04-17,22550,0.0,2018-04-17,22720,0.0008810572687225626,2018-04-17,22570,0.00044326241134751143,2018-04-17,1788,-0.0044543429844098315,2018-04-17,22030,-0.0009070294784579991,2018-04-17,1755,-0.0034071550255536653,2018-04-17,1757,0.0034266133637921303,2018-04-17,2409,-0.044047619047619
78,2018-04-16,4228,4244,4210,4232,1112700,78,2018-04-16,1830,0.00328947368421062,2018-04-16,1805,0.0033351862145636346,2018-04-16,1788,0.004494382022471877,2018-04-16,22620,0.0026595744680850686,2018-04-16,22610,0.0013286093888396078,2018-04-16,22550,0.004007123775600974,2018-04-16,22700,0.0026501766784452485,2018-04-16,22560,0.002666666666666595,2018-04-16,1796,0.005036373810856087,2018-04-16,22050,0.004555808656036442,2018-04-16,1761,0.0034188034188034067,2018-04-16,1751,0.0022896393817972704,2018-04-16,2520,-0.03188628505570501
79,2018-04-13,4232,4254,4211,4228,1832700,79,2018-04-13,1824,0.007178354500276152,2018-04-13,1799,0.006715165081141672,2018-04-13,1780,0.006787330316742057,2018-04-13,22560,0.006693440428380271,2018-04-13,22580,0.007585899152164233,2018-04-13,22460,0.005371530886302489,2018-04-13,22640,0.007117437722419906,2018-04-13,22500,0.006711409395973256,2018-04-13,1787,0.005061867266591635,2018-04-13,21950,0.005957836846929521,2018-04-13,1755,0.0068846815834766595,2018-04-13,1747,0.004600345025876917,2018-04-13,2603,-0.04895871392035078
80,2018-04-12,4253,4263,4207,4217,1732600,80,2018-04-12,1811,-0.0054914881933003645,2018-04-12,1787,-0.0039018952062430667,2018-04-12,1768,-0.0045045045045044585,2018-04-12,22410,-0.002670226969292422,2018-04-12,22410,-0.0022261798753339113,2018-04-12,22340,-0.0004474272930649059,2018-04-12,22480,-0.0035460992907800915,2018-04-12,22350,-0.0026773761713521083,2018-04-12,1778,-0.005036373810856198,2018-04-12,21820,-0.0018298261665141702,2018-04-12,1743,-0.005136986301369828,2018-04-12,1739,0.0,2018-04-12,2737,-0.0036403349108118377
81,2018-04-11,4262,4289,4236,4270,2223600,81,2018-04-11,1821,-0.0027382256297918683,2018-04-11,1794,-0.0038867295946696245,2018-04-11,1776,-0.0033670033670033517,2018-04-11,22470,-0.005312084993359889,2018-04-11,22460,-0.0048737261852015434,2018-04-11,22350,-0.005782918149466187,2018-04-11,22560,-0.00485222761358628,2018-04-11,22410,-0.0040000000000000036,2018-04-11,1787,-0.0011179429849077493,2018-04-11,21860,-0.005006827492034627,2018-04-11,1752,-0.0034129692832765013,2018-04-11,1739,0.002305475504322807,2018-04-11,2747,-0.02450284090909094
82,2018-04-10,4266,4337,4265,4312,1799000,82,2018-04-10,1826,0.003296703296703285,2018-04-10,1801,0.0039018952062430667,2018-04-10,1782,0.002813731007315745,2018-04-10,22590,0.005788067675868147,2018-04-10,22570,0.005345211581291753,2018-04-10,22480,0.005366726296958779,2018-04-10,22670,0.005321507760532196,2018-04-10,22500,0.0044642857142858094,2018-04-10,1789,0.0016797312430010258,2018-04-10,21970,0.004113345521023826,2018-04-10,1758,0.003997715591090856,2018-04-10,1735,-0.004589787722317884,2018-04-10,2816,0.000710732054015617
83,2018-04-09,4304,4353,4301,4336,1337300,83,2018-04-09,1820,0.004415011037527616,2018-04-09,1794,0.003355704697986628,2018-04-09,1777,0.0045223289994347216,2018-04-09,22460,0.005371530886302489,2018-04-09,22450,0.004025044722719251,2018-04-09,22360,0.0053956834532373765,2018-04-09,22550,0.004901960784313708,2018-04-09,22400,0.004934948407357531,2018-04-09,1786,0.005064715813168252,2018-04-09,21880,0.005977011494252782,2018-04-09,1751,0.0034383954154728613,2018-04-09,1743,0.007514450867051936,2018-04-09,2814,-0.012977902490354243
84,2018-04-06,4352,4368,4306,4312,1523600,84,2018-04-06,1812,-0.0033003300330033403,2018-04-06,1788,-0.0033444816053511683,2018-04-06,1769,-0.0045019696117051256,2018-04-06,22340,-0.003568242640499597,2018-04-06,22360,-0.0035650623885917776,2018-04-06,22240,-0.004921700223713632,2018-04-06,22440,-0.003552397868561319,2018-04-06,22290,-0.0026845637583892135,2018-04-06,1777,-0.0028058361391695152,2018-04-06,21750,-0.006395614435815489,2018-04-06,1745,-0.0034266133637921303,2018-04-06,1730,-0.006888633754305373,2018-04-06,2851,0.012069577564785217
85,2018-04-05,4379,4414,4372,4387,1504400,85,2018-04-05,1818,0.010561423012784843,2018-04-05,1794,0.011273957158962844,2018-04-05,1777,0.01138303927148554,2018-04-05,22420,0.01493888637392482,2018-04-05,22440,0.016304347826086918,2018-04-05,22350,0.016371077762619368,2018-04-05,22520,0.016704288939051848,2018-04-05,22350,0.014986376021798309,2018-04-05,1782,0.00963172804532575,2018-04-05,21890,0.019087523277467433,2018-04-05,1751,0.010969976905311762,2018-04-05,1742,0.01871345029239757,2018-04-05,2817,-0.023231622746185843
86,2018-04-04,4337,4366,4303,4357,1354200,86,2018-04-04,1799,0.0022284122562674646,2018-04-04,1774,0.0011286681715576563,2018-04-04,1757,0.0017103762827821445,2018-04-04,22090,0.002268602540834941,2018-04-04,22080,0.0009066183136898776,2018-04-04,21990,0.002278942570647313,2018-04-04,22150,0.0018091361374943382,2018-04-04,22020,0.002275830678197588,2018-04-04,1765,0.0022714366837024436,2018-04-04,21480,0.001865671641791078,2018-04-04,1732,0.0023148148148148806,2018-04-04,1710,0.0011709601873535203,2018-04-04,2884,-0.005174197999310071
87,2018-04-03,4293,4347,4250,4339,1222100,87,2018-04-03,1795,-0.003331482509716821,2018-04-03,1772,-0.002813731007315745,2018-04-03,1754,-0.002842524161455362,2018-04-03,22040,-0.005415162454873612,2018-04-03,22060,-0.004512635379061325,2018-04-03,21940,-0.0063405797101449,2018-04-03,22110,-0.005845323741007213,2018-04-03,21970,-0.005432322317790894,2018-04-03,1761,-0.002266288951841333,2018-04-03,21440,-0.0069476609541454515,2018-04-03,1728,-0.0028851702250433098,2018-04-03,1708,-0.00755374782103424,2018-04-03,2899,0.030938833570412605
88,2018-04-02,4288,4332,4288,4307,962700,88,2018-04-02,1801,-0.0038716814159291957,2018-04-02,1777,-0.004481792717086819,2018-04-02,1759,-0.0033994334277620553,2018-04-02,22160,-0.0027002700270026825,2018-04-02,22160,-0.002251238180999593,2018-04-02,22080,-0.0009049773755656076,2018-04-02,22240,-0.003137606454504671,2018-04-02,22090,-0.003158844765343005,2018-04-02,1765,-0.005073280721533235,2018-04-02,21590,-0.0004629629629629983,2018-04-02,1733,-0.004022988505747116,2018-04-02,1721,0.015938606847697656,2018-04-02,2812,-0.010207673354452607
89,2018-03-30,4283,4289,4243,4282,986600,89,2018-03-30,1808,0.006121313299944253,2018-03-30,1785,0.008474576271186418,2018-03-30,1765,0.0068454078722191,2018-03-30,22220,0.01461187214611881,2018-03-30,22210,0.014618547281863847,2018-03-30,22100,0.013296652911508389,2018-03-30,22310,0.014552069122328426,2018-03-30,22160,0.015116811726981316,2018-03-30,1774,0.0073821692220328305,2018-03-30,21600,0.012658227848101333,2018-03-30,1740,0.007527504342790925,2018-03-30,1694,0.005341246290801127,2018-03-30,2841,-0.020344827586206926
90,2018-03-29,4293,4346,4256,4289,1885600,90,2018-03-29,1797,0.002230897936419396,2018-03-29,1770,0.001697792869269854,2018-03-29,1753,0.0,2018-03-29,21900,0.005971520440973821,2018-03-29,21890,0.0059742647058822484,2018-03-29,21810,0.005996309963099522,2018-03-29,21990,0.005946935041171164,2018-03-29,21830,0.006454587367450415,2018-03-29,1761,0.0017064846416381396,2018-03-29,21330,0.009943181818181879,2018-03-29,1727,0.0,2018-03-29,1685,0.008982035928143617,2018-03-29,2900,0.0013812154696133394
91,2018-03-28,4178,4269,4131,4266,2525600,91,2018-03-28,1793,0.0005580357142858094,2018-03-28,1767,0.0005662514156286047,2018-03-28,1753,0.0011422044545974508,2018-03-28,21770,-0.004572473708276181,2018-03-28,21760,-0.005029721079103822,2018-03-28,21680,-0.0059605685465382585,2018-03-28,21860,-0.004100227790432842,2018-03-28,21690,-0.005045871559632986,2018-03-28,1758,0.0005691519635742104,2018-03-28,21120,-0.007518796992481258,2018-03-28,1727,0.002321532211259525,2018-03-28,1670,-0.006543723973825077,2018-03-28,2896,0.013650682534126712
92,2018-03-27,4204,4278,4203,4256,3841200,92,2018-03-27,1792,0.026345933562428314,2018-03-27,1766,0.026147588611272532,2018-03-27,1751,0.028185554903112253,2018-03-27,21870,0.024355971896955486,2018-03-27,21870,0.025797373358348974,2018-03-27,21810,0.026836158192090398,2018-03-27,21950,0.025221858944418418,2018-03-27,21800,0.02539981185324547,2018-03-27,1757,0.027485380116959002,2018-03-27,21280,0.02801932367149762,2018-03-27,1723,0.025595238095238004,2018-03-27,1681,0.022506082725060716,2018-03-27,2857,-0.028561713702822122
93,2018-03-26,4200,4204,4161,4204,2229300,93,2018-03-26,1746,0.005181347150259086,2018-03-26,1721,0.004670169293636839,2018-03-26,1703,0.002944640753828054,2018-03-26,21350,0.008502598016060459,2018-03-26,21320,0.007561436672967936,2018-03-26,21240,0.007112375533428139,2018-03-26,21410,0.0075294117647057845,2018-03-26,21260,0.0056764427625355385,2018-03-26,1710,0.0017574692442883233,2018-03-26,20700,0.002421307506053294,2018-03-26,1680,0.0035842293906809264,2018-03-26,1644,0.00366300366300365,2018-03-26,2941,0.048484848484848575
94,2018-03-23,4254,4288,4221,4227,2037900,94,2018-03-23,1737,-0.037673130193905835,2018-03-23,1713,-0.038180797304884884,2018-03-23,1698,-0.03686897334089623,2018-03-23,21170,-0.045105999097880045,2018-03-23,21160,-0.046417305092383954,2018-03-23,21090,-0.046132971506105847,2018-03-23,21250,-0.04537286612758307,2018-03-23,21140,-0.0447356529597831,2018-03-23,1707,-0.035048049745619037,2018-03-23,20650,-0.04131847725162485,2018-03-23,1674,-0.03626943005181349,2018-03-23,1638,-0.045454545454545414,2018-03-23,2805,0.05849056603773595
95,2018-03-22,4321,4353,4238,4317,2408900,95,2018-03-22,1805,0.0072544642857141906,2018-03-22,1781,0.008493771234428182,2018-03-22,1763,0.008004574042309809,2018-03-22,22170,0.008644222020018244,2018-03-22,22190,0.009095043201455155,2018-03-22,22110,0.01005025125628145,2018-03-22,22260,0.009066183136899442,2018-03-22,22130,0.01050228310502277,2018-03-22,1769,0.005685048322910724,2018-03-22,21540,0.007955077211043493,2018-03-22,1737,0.006956521739130528,2018-03-22,1716,0.010600706713780994,2018-03-22,2650,-0.0011307953260459858
96,2018-03-20,4335,4409,4316,4391,1587900,96,2018-03-20,1792,-0.0027824151363383676,2018-03-20,1766,-0.003386004514672636,2018-03-20,1749,-0.0034188034188034067,2018-03-20,21980,-0.004077933846850956,2018-03-20,21990,-0.004526935264825727,2018-03-20,21890,-0.0040946314831664665,2018-03-20,22060,-0.004063205417607185,2018-03-20,21900,-0.00544959128065392,2018-03-20,1759,-0.0028344671201814275,2018-03-20,21370,-0.006508600650860119,2018-03-20,1725,-0.0023134759976864983,2018-03-20,1698,-0.0035211267605633756,2018-03-20,2653,-0.0026315789473684292
97,2018-03-19,4351,4366,4331,4345,1300900,97,2018-03-19,1797,-0.010462555066079293,2018-03-19,1772,-0.008948545861297563,2018-03-19,1755,-0.00903444381705254,2018-03-19,22070,-0.009425493716337496,2018-03-19,22090,-0.009417040358744355,2018-03-19,21980,-0.010355695632597972,2018-03-19,22150,-0.010277033065236862,2018-03-19,22020,-0.00855470508779832,2018-03-19,1764,-0.009545199326221221,2018-03-19,21510,-0.00966850828729282,2018-03-19,1729,-0.009169054441260704,2018-03-19,1704,-0.009302325581395321,2018-03-19,2660,0.017208413001912115
98,2018-03-16,4315,4349,4307,4340,1459500,98,2018-03-16,1816,-0.0027457440966501823,2018-03-16,1788,-0.005561735261401579,2018-03-16,1771,-0.0050561797752809445,2018-03-16,22280,-0.0058009817045961976,2018-03-16,22300,-0.005795809184128364,2018-03-16,22210,-0.005819158460161122,2018-03-16,22380,-0.005775211017325588,2018-03-16,22210,-0.0067084078711985295,2018-03-16,1781,-0.0027995520716684874,2018-03-16,21720,-0.004582951420714965,2018-03-16,1745,-0.00456360524814603,2018-03-16,1720,-0.007501442585112539,2018-03-16,2615,-0.0022892025944296623
99,2018-03-15,4279,4332,4261,4321,1603500,99,2018-03-15,1821,-0.0010970927043335577,2018-03-15,1798,0.0005564830272677401,2018-03-15,1780,0.0005621135469364713,2018-03-15,22410,0.0013404825737264314,2018-03-15,22430,0.0022341376228776078,2018-03-15,22340,0.0022431583669806354,2018-03-15,22510,0.0022261798753340223,2018-03-15,22360,0.0013434841021047195,2018-03-15,1786,-0.0011185682326622093,2018-03-15,21820,0.0027573529411764053,2018-03-15,1753,0.0,2018-03-15,1733,0.0028935185185186008,2018-03-15,2621,-0.029618659755646037
100,2018-03-14,4287,4308,4263,4295,1270300,100,2018-03-14,1823,-0.0032804811372334486,2018-03-14,1797,-0.0033277870216306127,2018-03-14,1779,-0.004476776720761078,2018-03-14,22380,-0.007978723404255317,2018-03-14,22380,-0.009296148738379806,2018-03-14,22290,-0.009773434029320294,2018-03-14,22460,-0.007950530035335635,2018-03-14,22330,-0.007114273010226713,2018-03-14,1788,-0.0022321428571429047,2018-03-14,21760,-0.009558488848429691,2018-03-14,1753,-0.003977272727272774,2018-03-14,1728,-0.010875787063537534,2018-03-14,2701,-0.035357142857142865
101,2018-03-13,4237,4320,4234,4298,1211000,101,2018-03-13,1829,0.0043931905546403804,2018-03-13,1803,0.0038975501113585054,2018-03-13,1787,0.005061867266591635,2018-03-13,22560,0.005795809184128364,2018-03-13,22590,0.005788067675868147,2018-03-13,22510,0.0067084078711985295,2018-03-13,22640,0.004436557231588312,2018-03-13,22490,0.004466279589102173,2018-03-13,1792,0.0039215686274509665,2018-03-13,21970,0.005491990846681949,2018-03-13,1760,0.004566210045662045,2018-03-13,1747,0.01099537037037046,2018-03-13,2800,0.014125316914161523
102,2018-03-12,4234,4260,4228,4243,759600,102,2018-03-12,1821,0.01618303571428581,2018-03-12,1796,0.015837104072398134,2018-03-12,1778,0.017162471395880896,2018-03-12,22430,0.017233560090702982,2018-03-12,22460,0.016749660479855155,2018-03-12,22360,0.016825829922692215,2018-03-12,22540,0.018526886579304014,2018-03-12,22390,0.01726487960018175,2018-03-12,1785,0.014781125639568016,2018-03-12,21850,0.016279069767441756,2018-03-12,1752,0.015063731170336103,2018-03-12,1728,0.02007083825265643,2018-03-12,2761,-0.02747446283902788
103,2018-03-09,4251,4261,4194,4203,1391200,103,2018-03-09,1792,0.002797985450475604,2018-03-09,1768,0.003975014196479165,2018-03-09,1748,0.0017191977077364307,2018-03-09,22050,0.004098360655737654,2018-03-09,22090,0.005461993627674078,2018-03-09,21990,0.005486968449931462,2018-03-09,22130,0.00453926463912846,2018-03-09,22010,0.005022831050228271,2018-03-09,1759,0.003422703936109439,2018-03-09,21500,0.006083294337856815,2018-03-09,1726,0.004072134962187279,2018-03-09,1694,-0.003529411764705892,2018-03-09,2839,-0.0007039774727208847
104,2018-03-08,4252,4258,4203,4222,1118200,104,2018-03-08,1787,0.0028058361391694042,2018-03-08,1761,0.0028473804100228595,2018-03-08,1745,0.004027617951668505,2018-03-08,21960,0.005494505494505475,2018-03-08,21970,0.005952380952380931,2018-03-08,21870,0.0055172413793103114,2018-03-08,22030,0.0050182481751823715,2018-03-08,21900,0.005971520440973821,2018-03-08,1753,0.0034344590726960167,2018-03-08,21370,0.004701457451810054,2018-03-08,1719,0.004088785046729049,2018-03-08,1700,0.002949852507374562,2018-03-08,2841,-0.020006898930665762
105,2018-03-07,4278,4301,4204,4215,2004900,105,2018-03-07,1782,-0.007242339832869038,2018-03-07,1756,-0.006225240520656428,2018-03-07,1738,-0.00855675984027382,2018-03-07,21840,-0.007723761926397121,2018-03-07,21840,-0.008174386920980936,2018-03-07,21750,-0.00865998176845939,2018-03-07,21920,-0.008593396653098107,2018-03-07,21770,-0.008200455580865573,2018-03-07,1747,-0.007386363636363691,2018-03-07,21270,-0.008391608391608352,2018-03-07,1712,-0.008111239860950192,2018-03-07,1695,-0.017391304347826098,2018-03-07,2899,0.05341569767441867
106,2018-03-06,4276,4280,4172,4182,1289000,106,2018-03-06,1795,0.013551665725578754,2018-03-06,1767,0.012027491408934665,2018-03-06,1753,0.012709416522241446,2018-03-06,22010,0.01803885291396856,2018-03-06,22020,0.018030513176144236,2018-03-06,21940,0.01857010213556176,2018-03-06,22110,0.018424689083371693,2018-03-06,21950,0.0176170607324988,2018-03-06,1760,0.013241220495106454,2018-03-06,21450,0.017069701280227667,2018-03-06,1726,0.013505578391074469,2018-03-06,1725,0.016499705362404304,2018-03-06,2752,-0.023420865862313733
107,2018-03-05,4173,4220,4170,4216,1203500,107,2018-03-05,1771,-0.01171875,2018-03-05,1746,-0.009080590238365494,2018-03-05,1731,-0.008022922636103158,2018-03-05,21620,-0.007801743919229054,2018-03-05,21630,-0.007342817806333168,2018-03-05,21540,-0.007373271889400956,2018-03-05,21710,-0.006861848124428138,2018-03-05,21570,-0.006906077348066253,2018-03-05,1737,-0.008561643835616417,2018-03-05,21090,-0.00471920717319485,2018-03-05,1703,-0.008153756552125802,2018-03-05,1697,0.004142011834319614,2018-03-05,2818,0.00967395198853449
108,2018-03-02,4230,4253,4189,4198,2470100,108,2018-03-02,1792,-0.014301430143014326,2018-03-02,1762,-0.017837235228539527,2018-03-02,1745,-0.01634723788049608,2018-03-02,21790,-0.023745519713261665,2018-03-02,21790,-0.02461951656222028,2018-03-02,21700,-0.024719101123595544,2018-03-02,21860,-0.024542614904060733,2018-03-02,21720,-0.024696901661427906,2018-03-02,1752,-0.01738642736960183,2018-03-02,21190,-0.024850437183617125,2018-03-02,1717,-0.017172295363480305,2018-03-02,1690,-0.03151862464183386,2018-03-02,2791,0.06526717557251915
109,2018-03-01,4170,4275,4150,4267,3659100,109,2018-03-01,1818,-0.016233766233766267,2018-03-01,1794,-0.015367727771679496,2018-03-01,1774,-0.015538290788013276,2018-03-01,22320,-0.017605633802816878,2018-03-01,22340,-0.017157941047074354,2018-03-01,22250,-0.015922158337019043,2018-03-01,22410,-0.016242317822651398,2018-03-01,22270,-0.017210944395410377,2018-03-01,1783,-0.016004415011037554,2018-03-01,21730,-0.01896162528216705,2018-03-01,1747,-0.0163288288288288,2018-03-01,1745,-0.011891279728199367,2018-03-01,2620,0.06460788297440057
110,2018-02-28,4117,4126,4086,4089,1531600,110,2018-02-28,1848,-0.0117647058823529,2018-02-28,1822,-0.012466124661246636,2018-02-28,1802,-0.013143483023001057,2018-02-28,22720,-0.012173913043478257,2018-02-28,22730,-0.011739130434782585,2018-02-28,22610,-0.013525305410122201,2018-02-28,22780,-0.014279532669839945,2018-02-28,22660,-0.01263616557734204,2018-02-28,1812,-0.013071895424836555,2018-02-28,22150,-0.009834599910594544,2018-02-28,1776,-0.013881177123820088,2018-02-28,1766,-0.0028232636928289256,2018-02-28,2461,0.004489795918367401
111,2018-02-27,4116,4130,4078,4091,1583000,111,2018-02-27,1870,0.008086253369272267,2018-02-27,1845,0.008196721311475308,2018-02-27,1826,0.008282716731087714,2018-02-27,23000,0.009657594381035972,2018-02-27,23000,0.009657594381035972,2018-02-27,22920,0.009691629955947079,2018-02-27,23110,0.010494097070397945,2018-02-27,22950,0.010568031704095038,2018-02-27,1836,0.009345794392523255,2018-02-27,22370,0.006750675067506817,2018-02-27,1801,0.009529147982062725,2018-02-27,1771,0.0028312570781428015,2018-02-27,2450,-0.018822587104525446
112,2018-02-26,4085,4100,4056,4057,957200,112,2018-02-26,1855,0.009249183895538637,2018-02-26,1830,0.009933774834437026,2018-02-26,1811,0.008351893095768448,2018-02-26,22780,0.012894619831036014,2018-02-26,22780,0.01244444444444448,2018-02-26,22700,0.013392857142857206,2018-02-26,22870,0.012843224092117023,2018-02-26,22710,0.01338688085676032,2018-02-26,1819,0.009433962264151052,2018-02-26,22220,0.016003657978966634,2018-02-26,1784,0.009049773755656076,2018-02-26,1766,0.014942528735632177,2018-02-26,2497,-0.027269185820023356
113,2018-02-23,4012,4059,4010,4056,972200,113,2018-02-23,1838,0.007123287671232825,2018-02-23,1812,0.008347245409014992,2018-02-23,1796,0.007856341189674598,2018-02-23,22490,0.007616487455197163,2018-02-23,22500,0.0071620411817368,2018-02-23,22400,0.007647323436797082,2018-02-23,22580,0.008485931219294418,2018-02-23,22410,0.006738544474393482,2018-02-23,1802,0.007266629401900593,2018-02-23,21870,0.00644270593649332,2018-02-23,1768,0.007407407407407307,2018-02-23,1740,0.011627906976744207,2018-02-23,2567,-0.030589123867069468
114,2018-02-22,4012,4039,3990,4010,1570000,114,2018-02-22,1825,-0.008152173913043459,2018-02-22,1797,-0.00991735537190086,2018-02-22,1782,-0.008347245409014992,2018-02-22,22320,-0.01195219123505975,2018-02-22,22340,-0.011504424778761013,2018-02-22,22230,-0.011560693641618491,2018-02-22,22390,-0.01191526919682262,2018-02-22,22260,-0.011106175033318566,2018-02-22,1789,-0.008314855875831473,2018-02-22,21730,-0.012721490231712873,2018-02-22,1755,-0.008474576271186418,2018-02-22,1720,0.007615700058582364,2018-02-22,2648,0.04457593688362915
115,2018-02-21,4022,4035,3986,4031,1047700,115,2018-02-21,1840,-0.0005431830526887449,2018-02-21,1815,-0.0005506607929515184,2018-02-21,1797,-0.0011117287381878782,2018-02-21,22590,0.0035539760106619855,2018-02-21,22600,0.0031069684864624136,2018-02-21,22490,0.003122212310437078,2018-02-21,22660,0.003098716246126676,2018-02-21,22510,0.0017801513128616886,2018-02-21,1804,0.0,2018-02-21,22010,0.003647970816233581,2018-02-21,1770,-0.0011286681715575453,2018-02-21,1707,-0.007558139534883712,2018-02-21,2535,-0.00039432176656151174
116,2018-02-20,4038,4038,3999,4021,716200,116,2018-02-20,1841,-0.0064759848893686245,2018-02-20,1816,-0.0071077091306724904,2018-02-20,1799,-0.0055279159756771445,2018-02-20,22510,-0.010114335971855737,2018-02-20,22530,-0.00923482849604218,2018-02-20,22420,-0.010154525386313451,2018-02-20,22590,-0.011378555798687073,2018-02-20,22470,-0.01013215859030836,2018-02-20,1804,-0.008246289169873577,2018-02-20,21930,-0.009932279909706576,2018-02-20,1772,-0.006169377453729696,2018-02-20,1720,-0.023836549375709448,2018-02-20,2536,-0.01667312911981389
117,2018-02-19,4027,4048,4000,4038,815600,117,2018-02-19,1853,0.02149944873208387,2018-02-19,1829,0.021217197096593976,2018-02-19,1809,0.019729425028184977,2018-02-19,22740,0.018817204301075252,2018-02-19,22740,0.019730941704035887,2018-02-19,22650,0.018435251798561092,2018-02-19,22850,0.021000893655049202,2018-02-19,22700,0.020683453237410054,2018-02-19,1819,0.02305961754780661,2018-02-19,22150,0.02073732718894017,2018-02-19,1783,0.02177650429799427,2018-02-19,1762,0.009742120343839478,2018-02-19,2579,-0.06218181818181823
118,2018-02-16,3946,3986,3930,3977,1260000,118,2018-02-16,1814,0.011712214166201829,2018-02-16,1791,0.011864406779660941,2018-02-16,1774,0.011979463776383259,2018-02-16,22320,0.011786038077969074,2018-02-16,22300,0.009963768115942129,2018-02-16,22240,0.012750455373406133,2018-02-16,22380,0.010383747178329461,2018-02-16,22240,0.01182893539581431,2018-02-16,1778,0.009653605905735274,2018-02-16,21700,0.011655011655011593,2018-02-16,1745,0.010422698320787571,2018-02-16,1745,0.030106257378984758,2018-02-16,2750,0.0177646188008882
119,2018-02-15,3966,3969,3908,3924,2183400,119,2018-02-15,1793,0.00786958965711082,2018-02-15,1770,0.0096976611523103,2018-02-15,1753,0.00921128382268277,2018-02-15,22060,0.015653775322283625,2018-02-15,22080,0.015639374425022945,2018-02-15,21960,0.013850415512465464,2018-02-15,22150,0.016521340064249657,2018-02-15,21980,0.01524249422632784,2018-02-15,1761,0.009747706422018387,2018-02-15,21450,0.011315417256011262,2018-02-15,1727,0.009351256575102385,2018-02-15,1694,0.01134328358208947,2018-02-15,2702,-0.08992926911417987
120,2018-02-14,3880,3952,3880,3923,2199500,120,2018-02-14,1779,-0.007254464285714302,2018-02-14,1753,-0.008484162895927572,2018-02-14,1737,-0.0079954311821816,2018-02-14,21720,-0.005038937242327068,2018-02-14,21740,-0.0045787545787545625,2018-02-14,21660,-0.0036798528058877844,2018-02-14,21790,-0.004113345521023715,2018-02-14,21650,-0.005512172714745023,2018-02-14,1744,-0.007398975526465512,2018-02-14,21210,0.0,2018-02-14,1711,-0.008115942028985468,2018-02-14,1675,-0.010632014176018889,2018-02-14,2969,-0.045337620578778104
121,2018-02-13,4000,4005,3867,3872,2818600,121,2018-02-13,1792,-0.01049144119271117,2018-02-13,1768,-0.00952380952380949,2018-02-13,1751,-0.009615384615384581,2018-02-13,21830,-0.0054669703872437525,2018-02-13,21840,-0.006369426751592355,2018-02-13,21740,-0.006852444038373706,2018-02-13,21880,-0.008159564823209453,2018-02-13,21770,-0.006389776357827448,2018-02-13,1757,-0.010140845070422566,2018-02-13,21210,-0.008878504672897192,2018-02-13,1725,-0.009190120620333087,2018-02-13,1693,-0.009941520467836251,2018-02-13,3110,0.02471169686985175
122,2018-02-09,3933,3970,3915,3970,1641500,122,2018-02-09,1811,-0.01736299511665762,2018-02-09,1785,-0.016528925619834656,2018-02-09,1768,-0.018323153803442516,2018-02-09,21950,-0.024010671409515294,2018-02-09,21980,-0.023545091070635293,2018-02-09,21890,-0.02320392681838468,2018-02-09,22060,-0.02346170872067288,2018-02-09,21910,-0.021874999999999978,2018-02-09,1775,-0.018794914317302402,2018-02-09,21400,-0.025500910746812377,2018-02-09,1741,-0.019154929577464785,2018-02-09,1710,-0.021179164281625695,2018-02-09,3035,0.15267755412077477
123,2018-02-08,3990,4029,3982,4009,2804400,123,2018-02-08,1843,0.009863013698630185,2018-02-08,1815,0.007773459189339249,2018-02-08,1801,0.008963585434173638,2018-02-08,22490,0.011695906432748648,2018-02-08,22510,0.012140287769784264,2018-02-08,22410,0.010825439783491264,2018-02-08,22590,0.012096774193548487,2018-02-08,22400,0.011286681715575675,2018-02-08,1809,0.010614525139664766,2018-02-08,21960,0.015726179463459777,2018-02-08,1775,0.010244735344336897,2018-02-08,1747,0.013929193267556483,2018-02-08,2633,-0.0312729948491538
124,2018-02-07,4030,4093,3972,3975,2741300,124,2018-02-07,1825,0.0027472527472527375,2018-02-07,1801,0.004461795872838792,2018-02-07,1785,0.0045019696117050145,2018-02-07,22230,0.0018026137899955774,2018-02-07,22240,0.0013507429085997114,2018-02-07,22170,-0.005829596412556093,2018-02-07,22320,0.0022451728783117186,2018-02-07,22150,0.0009037505648441524,2018-02-07,1790,0.0033632286995515237,2018-02-07,21620,0.005581395348837281,2018-02-07,1757,-0.002837684449489175,2018-02-07,1723,0.007013442431326622,2018-02-07,2718,-0.05230125523012552
125,2018-02-06,3990,4026,3907,3967,4026600,125,2018-02-06,1820,-0.044619422572178435,2018-02-06,1793,-0.04526091586794467,2018-02-06,1777,-0.04410973641742877,2018-02-06,22190,-0.04845626072041165,2018-02-06,22210,-0.04800685812258898,2018-02-06,22300,-0.047008547008547064,2018-02-06,22270,-0.04910333048676341,2018-02-06,22130,-0.048581255374032684,2018-02-06,1784,-0.04496788008565311,2018-02-06,21500,-0.05328049317481287,2018-02-06,1762,-0.04343105320304019,2018-02-06,1711,-0.05469613259668504,2018-02-06,2868,0.21114864864864868
126,2018-02-05,4119,4156,4091,4107,2096600,126,2018-02-05,1905,-0.02106885919835555,2018-02-05,1878,-0.02085505735140769,2018-02-05,1859,-0.02209363492898475,2018-02-05,23320,-0.024267782426778295,2018-02-05,23330,-0.02466555183946484,2018-02-05,23400,-0.024593580658607728,2018-02-05,23420,-0.024573094543940077,2018-02-05,23260,-0.023919429290809924,2018-02-05,1868,-0.02096436058700213,2018-02-05,22710,-0.02448453608247425,2018-02-05,1842,-0.020733652312599715,2018-02-05,1810,-0.026881720430107503,2018-02-05,2368,0.043631555751432405
127,2018-02-02,4180,4183,4114,4140,1849500,127,2018-02-02,1946,-0.0025627883136852825,2018-02-02,1918,-0.0036363636363636598,2018-02-02,1901,-0.0031463030938646552,2018-02-02,23900,-0.009531703273932823,2018-02-02,23920,-0.006644518272425293,2018-02-02,23990,-0.00908715406856675,2018-02-02,24010,-0.008261049153242439,2018-02-02,23830,-0.009147609147609148,2018-02-02,1908,-0.0036553524804177062,2018-02-02,23280,-0.009361702127659521,2018-02-02,1881,-0.00370762711864403,2018-02-02,1860,-0.0048154093097912964,2018-02-02,2269,0.0008822232024703336
128,2018-02-01,4183,4196,4116,4180,2292900,128,2018-02-01,1951,0.0172054223149114,2018-02-01,1925,0.01744186046511631,2018-02-01,1907,0.018152696209289942,2018-02-01,24130,0.016427969671440668,2018-02-01,24080,0.013041649137568445,2018-02-01,24210,0.016372795969773257,2018-02-01,24210,0.015094339622641506,2018-02-01,24050,0.015625,2018-02-01,1915,0.018075491759702356,2018-02-01,23500,0.012494614390349046,2018-02-01,1888,0.01833872707659112,2018-02-01,1869,0.014107433532284386,2018-02-01,2267,-0.023686477174849285
129,2018-01-31,4188,4198,4110,4113,2032500,129,2018-01-31,1918,-0.01134020618556697,2018-01-31,1892,-0.010977522216414015,2018-01-31,1873,-0.010565240359218131,2018-01-31,23740,-0.00835421888053467,2018-01-31,23770,-0.007101086048454497,2018-01-31,23820,-0.007499999999999951,2018-01-31,23850,-0.0074906367041198685,2018-01-31,23680,-0.007544006705783701,2018-01-31,1881,-0.01104100946372244,2018-01-31,23210,-0.0038626609442059534,2018-01-31,1854,-0.011727078891258014,2018-01-31,1843,-0.00967221923696937,2018-01-31,2322,-0.01693480101608802
130,2018-01-30,4172,4183,4133,4162,2051100,130,2018-01-30,1940,-0.012219959266802416,2018-01-30,1913,-0.0123902942694889,2018-01-30,1893,-0.013034410844629862,2018-01-30,23940,-0.013190436933223415,2018-01-30,23940,-0.014409221902017322,2018-01-30,24000,-0.01396877567789645,2018-01-30,24030,-0.014356029532403558,2018-01-30,23860,-0.013642000826787903,2018-01-30,1902,-0.01194805194805193,2018-01-30,23300,-0.015215553677092153,2018-01-30,1876,-0.012631578947368438,2018-01-30,1861,-0.01063264221158955,2018-01-30,2362,0.02740321879077867
131,2018-01-29,4210,4221,4186,4192,1310500,131,2018-01-29,1964,0.0015298317185110655,2018-01-29,1937,0.0005165289256199301,2018-01-29,1918,0.0010438413361169019,2018-01-29,24260,0.0,2018-01-29,24290,-0.0004115226337448874,2018-01-29,24340,-0.000410677618069788,2018-01-29,24380,0.0016433853738702098,2018-01-29,24190,-0.0004132231404958553,2018-01-29,1925,-0.0005192107995846129,2018-01-29,23660,0.0016934801016088574,2018-01-29,1900,0.0005265929436546468,2018-01-29,1881,-0.0005313496280552332,2018-01-29,2299,0.004807692307692291
132,2018-01-26,4214,4247,4194,4208,1415100,132,2018-01-26,1961,-0.0035569105691056757,2018-01-26,1936,-0.003089598352214229,2018-01-26,1916,-0.003640145605824263,2018-01-26,24260,-0.002467105263157854,2018-01-26,24300,-0.0016433853738702098,2018-01-26,24350,-0.002458009012699658,2018-01-26,24340,-0.003276003276003303,2018-01-26,24200,-0.0016501650165016146,2018-01-26,1926,-0.002072538860103612,2018-01-26,23620,-0.0021123785382340943,2018-01-26,1899,-0.0031496062992125706,2018-01-26,1882,-0.0021208907741251393,2018-01-26,2288,0.0
133,2018-01-25,4230,4243,4150,4233,1929600,133,2018-01-25,1968,-0.008064516129032251,2018-01-25,1942,-0.007157464212678932,2018-01-25,1923,-0.00722767165720184,2018-01-25,24320,-0.011382113821138184,2018-01-25,24340,-0.011774259033698775,2018-01-25,24410,-0.012140833670578721,2018-01-25,24420,-0.010534846029173428,2018-01-25,24240,-0.012224938875305624,2018-01-25,1930,-0.00924024640657084,2018-01-25,23670,-0.01333889120466858,2018-01-25,1905,-0.0078125,2018-01-25,1886,-0.009973753280839937,2018-01-25,2288,0.007485689123734041
134,2018-01-24,4338,4354,4288,4298,1407100,134,2018-01-24,1984,-0.006012024048096198,2018-01-24,1956,-0.0060975609756097615,2018-01-24,1937,-0.0061570035915854415,2018-01-24,24600,-0.006863140896245512,2018-01-24,24630,-0.006454215409439246,2018-01-24,24710,-0.006433453960595137,2018-01-24,24680,-0.008038585209003246,2018-01-24,24540,-0.006477732793522262,2018-01-24,1948,-0.005107252298263587,2018-01-24,23990,-0.004564315352697079,2018-01-24,1920,-0.005181347150259086,2018-01-24,1905,0.0,2018-01-24,2271,0.003978779840848823
135,2018-01-23,4327,4329,4300,4326,1657000,135,2018-01-23,1996,0.010121457489878471,2018-01-23,1968,0.009230769230769154,2018-01-23,1949,0.00984455958549213,2018-01-23,24770,0.013087934560327197,2018-01-23,24790,0.013077237433592126,2018-01-23,24870,0.014274061990211973,2018-01-23,24880,0.01344195519348279,2018-01-23,24700,0.01312551271534046,2018-01-23,1958,0.01031991744066052,2018-01-23,24100,0.01345668629100083,2018-01-23,1930,0.009942438513867113,2018-01-23,1905,0.004217185028993153,2018-01-23,2262,-0.01049868766404205
136,2018-01-22,4307,4320,4270,4320,1665100,136,2018-01-22,1976,0.0010131712259371373,2018-01-22,1950,0.0030864197530864335,2018-01-22,1930,0.0015568240788790266,2018-01-22,24450,-0.00040883074407194187,2018-01-22,24470,0.0008179959100205192,2018-01-22,24520,-0.0012219959266802638,2018-01-22,24550,0.0,2018-01-22,24380,-0.00041000410004099486,2018-01-22,1938,0.0010330578512396382,2018-01-22,23780,-0.0020981955518254436,2018-01-22,1911,0.002097535395909844,2018-01-22,1897,0.0021130480718436484,2018-01-22,2286,0.009717314487632578
137,2018-01-19,4285,4336,4282,4318,1788300,137,2018-01-19,1974,0.006629270780214247,2018-01-19,1944,0.005690636316606268,2018-01-19,1927,0.0062663185378590835,2018-01-19,24460,0.002048340843916474,2018-01-19,24450,0.0008186655751125649,2018-01-19,24550,0.0020408163265306367,2018-01-19,24550,0.0012234910277324484,2018-01-19,24390,0.001642710472279152,2018-01-19,1936,0.006237006237006293,2018-01-19,23830,0.0012605042016806678,2018-01-19,1907,0.006332453825857565,2018-01-19,1893,0.0005285412262157063,2018-01-19,2264,-0.003959524857017116
138,2018-01-18,4322,4338,4240,4252,1944100,138,2018-01-18,1961,-0.00708860759493668,2018-01-18,1933,-0.007190549563430904,2018-01-18,1915,-0.007257646448937227,2018-01-18,24410,-0.004486133768352385,2018-01-18,24430,-0.0040766408479413485,2018-01-18,24500,-0.004469727752945962,2018-01-18,24520,-0.00365704997968308,2018-01-18,24350,-0.0032746623004502595,2018-01-18,1924,-0.006711409395973145,2018-01-18,23800,-0.00335008375209378,2018-01-18,1895,-0.008372579801151248,2018-01-18,1892,-0.001055966209081327,2018-01-18,2273,-0.007423580786026229
139,2018-01-17,4290,4294,4264,4289,1565900,139,2018-01-17,1975,-0.0015166835187057082,2018-01-17,1947,-0.002050230650948226,2018-01-17,1929,-0.0015527950310558758,2018-01-17,24520,-0.002846685644570912,2018-01-17,24530,-0.003250711093051639,2018-01-17,24610,-0.003240178209801492,2018-01-17,24610,-0.003643724696356321,2018-01-17,24430,-0.0036704730831973453,2018-01-17,1937,-0.001031459515213995,2018-01-17,23880,-0.0025062656641604564,2018-01-17,1911,-0.0015673981191222097,2018-01-17,1894,-0.00785751702462023,2018-01-17,2290,0.0026269702276706663
140,2018-01-16,4330,4339,4307,4315,1185400,140,2018-01-16,1978,0.006103763987792554,2018-01-16,1951,0.005670103092783485,2018-01-16,1932,0.006250000000000089,2018-01-16,24590,0.009027492819039695,2018-01-16,24610,0.00984817398440696,2018-01-16,24690,0.009815950920245342,2018-01-16,24700,0.010224948875255713,2018-01-16,24520,0.009053497942386857,2018-01-16,1939,0.004663212435233266,2018-01-16,23940,0.008424599831508006,2018-01-16,1914,0.006309148264984188,2018-01-16,1909,0.010052910052910091,2018-01-16,2284,0.011514614703277193
141,2018-01-15,4440,4441,4340,4346,1214500,141,2018-01-15,1966,0.0035732516590096797,2018-01-15,1940,0.0036213140196585947,2018-01-15,1920,0.003659174072137894,2018-01-15,24370,0.0032935364347468354,2018-01-15,24370,0.002468120115178829,2018-01-15,24450,0.003282724661469061,2018-01-15,24450,0.002460024600245969,2018-01-15,24300,0.0028889806025587106,2018-01-15,1930,0.004162330905306932,2018-01-15,23740,0.004655099449851985,2018-01-15,1902,0.0031645569620253333,2018-01-15,1890,0.004784688995215225,2018-01-15,2258,-0.015263846489315336
142,2018-01-12,4439,4442,4384,4410,1384900,142,2018-01-12,1959,-0.0060882800608828,2018-01-12,1933,-0.006169665809768632,2018-01-12,1913,-0.006233766233766258,2018-01-12,24290,-0.002873563218390829,2018-01-12,24310,-0.0020525451559934016,2018-01-12,24370,-0.0020475020475020367,2018-01-12,24390,-0.0016373311502251298,2018-01-12,24230,-0.008592471358428777,2018-01-12,1922,-0.012332990750256956,2018-01-12,23630,-0.0008456659619450191,2018-01-12,1896,-0.0062893081761006275,2018-01-12,1881,-0.002122015915119402,2018-01-12,2293,-0.030033840947546575
143,2018-01-11,4439,4449,4405,4425,1907900,143,2018-01-11,1971,-0.001519756838905817,2018-01-11,1945,-0.0020523345305284435,2018-01-11,1925,-0.001556016597510368,2018-01-11,24360,-0.00408830744071953,2018-01-11,24360,-0.00327332242225864,2018-01-11,24420,-0.002858309514087387,2018-01-11,24430,-0.0040766408479413485,2018-01-11,24440,-0.0032626427406199365,2018-01-11,1946,-0.0030737704918032405,2018-01-11,23650,-0.007136859781696092,2018-01-11,1908,-0.0020920502092049986,2018-01-11,1885,-0.0031729243786355887,2018-01-11,2364,-0.004212299915754003
144,2018-01-10,4440,4441,4406,4424,1510900,144,2018-01-10,1974,0.0015220700152207556,2018-01-10,1949,0.0020565552699229883,2018-01-10,1928,0.0015584415584415368,2018-01-10,24460,-0.001224989791751785,2018-01-10,24440,-0.002855977152182776,2018-01-10,24490,-0.0032560032560032814,2018-01-10,24530,-0.002440016266775147,2018-01-10,24520,-0.0020350020350020648,2018-01-10,1952,0.002053388090349051,2018-01-10,23820,-0.000838926174496657,2018-01-10,1912,0.002096436058700135,2018-01-10,1891,-0.0010565240359218242,2018-01-10,2374,0.000843170320404818
145,2018-01-09,4500,4504,4450,4487,2273600,145,2018-01-09,1971,0.004075394803871646,2018-01-09,1945,0.0051679586563306845,2018-01-09,1925,0.004173187271778733,2018-01-09,24490,0.0053366174055828886,2018-01-09,24510,0.0057447681575708565,2018-01-09,24570,0.0044971381847915826,2018-01-09,24590,0.004493464052287566,2018-01-09,24570,0.0044971381847915826,2018-01-09,1948,0.005159958720330149,2018-01-09,23840,0.005059021922428242,2018-01-09,1908,0.005268703898840821,2018-01-09,1893,0.0010576414595451222,2018-01-09,2372,-0.023064250411861664
146,2018-01-05,4449,4489,4420,4425,1439100,146,2018-01-05,1963,0.008217770929635382,2018-01-05,1935,0.0078125,2018-01-05,1917,0.009478672985782088,2018-01-05,24360,0.00995024875621886,2018-01-05,24370,0.009109730848861242,2018-01-05,24460,0.009075907590759158,2018-01-05,24480,0.01073492981007429,2018-01-05,24460,0.010326311441553049,2018-01-05,1938,0.009374999999999911,2018-01-05,23720,0.010651896037494613,2018-01-05,1898,0.007966011683483876,2018-01-05,1891,0.018857758620689724,2018-01-05,2428,-0.02646351242983158
147,2018-01-04,4443,4451,4420,4443,1545000,147,2018-01-04,1947,,2018-01-04,1920,,2018-01-04,1899,,2018-01-04,24120,,2018-01-04,24150,,2018-01-04,24240,,2018-01-04,24220,,2018-01-04,24210,,2018-01-04,1920,,2018-01-04,23470,,2018-01-04,1883,,2018-01-04,1856,,2018-01-04,2494,
