,Date,Close,index,Date_AUD,Close_AUD,diff_AUD,Date_BHD,Close_BHD,diff_BHD,Date_CAD,Close_CAD,diff_CAD,Date_CHF,Close_CHF,diff_CHF,Date_CNY,Close_CNY,diff_CNY,Date_DKK,Close_DKK,diff_DKK,Date_EUR,Close_EUR,diff_EUR,Date_GBP,Close_GBP,diff_GBP,Date_HKD,Close_HKD,diff_HKD,Date_INR,Close_INR,diff_INR,Date_NOK,Close_NOK,diff_NOK,Date_NZD,Close_NZD,diff_NZD,Date_PHP,Close_PHP,diff_PHP,Date_SEK,Close_SEK,diff_SEK,Date_SGD,Close_SGD,diff_SGD,Date_ZAR,Close_ZAR,diff_ZAR
0,2018-08-09,110.86,0,2018-08-09,82.34,-0.0050749154180763645,2018-08-09,293.82,-0.006357795062563398,2018-08-09,85.13,-0.002226910454758535,2018-08-09,111.56,-0.0033946757191352095,2018-08-09,16.23,-0.007339449541284515,2018-08-09,17.25,-0.00519031141868509,2018-08-09,128.62,-0.0049512610242919974,2018-08-09,142.69,-0.010677390279414722,2018-08-09,14.12,-0.005633802816901401,2018-08-09,1.62,-0.006134969325153228,2018-08-09,13.48,-0.008094186902133926,2018-08-09,74.0,-0.014122035704769553,2018-08-09,2.09,-0.009478672985781977,2018-08-09,12.38,-0.010391686650679355,2018-08-09,81.32,-0.00477297760372053,2018-08-09,8.28,-0.009569377990430672
1,2018-08-08,111.45,1,2018-08-08,82.76,0.006200607902735689,2018-08-08,295.7,0.0038020232194990733,2018-08-08,85.32,-0.003387454736596296,2018-08-08,111.94,0.002238338257677608,2018-08-08,16.35,0.008014796547472391,2018-08-08,17.34,0.004634994206257126,2018-08-08,129.26,0.004819651741293507,2018-08-08,144.23,0.0009716149628702375,2018-08-08,14.2,0.0014104372355430161,2018-08-08,1.63,0.006172839506172645,2018-08-08,13.59,0.006666666666666599,2018-08-08,75.06,0.0017349526224474943,2018-08-08,2.11,0.0,2018-08-08,12.51,0.004819277108433884,2018-08-08,81.71,0.004548807474797023,2018-08-08,8.36,0.009661835748792313
2,2018-08-07,111.32,2,2018-08-07,82.25,-0.00012156576708000078,2018-08-07,294.58,-0.0013898776229703813,2018-08-07,85.61,0.0007013442431327288,2018-08-07,111.69,-0.0016090104585680942,2018-08-07,16.22,-0.002460024600246191,2018-08-07,17.26,0.0,2018-08-07,128.64,7.77423618127937e-05,2018-08-07,144.09,-0.004009124213727677,2018-08-07,14.18,0.0,2018-08-07,1.62,0.0,2018-08-07,13.5,0.00222717149220486,2018-08-07,74.93,-0.0014658848614071962,2018-08-07,2.11,0.004761904761904745,2018-08-07,12.45,-0.0016038492381716951,2018-08-07,81.34,-0.0011052437676531968,2018-08-07,8.28,-0.007194244604316613
3,2018-08-06,111.27,3,2018-08-06,82.26,-0.0008502368516942749,2018-08-06,294.99,-0.0032437911809426456,2018-08-06,85.55,-0.0036105287677614673,2018-08-06,111.87,-0.0035628395831477366,2018-08-06,16.26,0.0,2018-08-06,17.26,-0.0069044879171460405,2018-08-06,128.63,-0.006718146718146745,2018-08-06,144.67,-0.006046032291308956,2018-08-06,14.18,-0.004213483146067398,2018-08-06,1.62,-0.006134969325153228,2018-08-06,13.47,-0.007369196757553431,2018-08-06,75.04,-0.003452855245683839,2018-08-06,2.1,0.0,2018-08-06,12.47,-0.007955449482895727,2018-08-06,81.43,-0.0035487028879098714,2018-08-06,8.34,0.004819277108433662
4,2018-08-03,111.81,4,2018-08-03,82.33,-0.00435360986818234,2018-08-03,295.95,0.0007100831811726049,2018-08-03,85.86,-0.001163331782224275,2018-08-03,112.27,-0.002930728241563041,2018-08-03,16.26,-0.006112469437652646,2018-08-03,17.38,-0.005720823798627039,2018-08-03,129.5,-0.005681818181818232,2018-08-03,145.55,-0.00709461764103958,2018-08-03,14.24,0.0007027406886859211,2018-08-03,1.63,-0.0060975609756097615,2018-08-03,13.57,-0.007315288953913646,2018-08-03,75.3,-0.007774410330741888,2018-08-03,2.1,-0.004739336492890933,2018-08-03,12.57,-0.009456264775413614,2018-08-03,81.72,-0.0037791052054126917,2018-08-03,8.3,-0.01891252955082745
5,2018-08-02,111.73,5,2018-08-02,82.69,-0.0039749457961936185,2018-08-02,295.74,-0.001249535645537092,2018-08-02,85.96,0.00011634671320526202,2018-08-02,112.6,-0.0029221641724963554,2018-08-02,16.36,-0.0024390243902439046,2018-08-02,17.48,-0.0039886039886040114,2018-08-02,130.24,-0.003976751300091674,2018-08-02,146.59,-0.0008860414394765703,2018-08-02,14.23,-0.00140350877192974,2018-08-02,1.64,0.0,2018-08-02,13.67,-0.0029175784099197966,2018-08-02,75.89,-0.0032834252692408583,2018-08-02,2.11,0.0,2018-08-02,12.69,-0.003142183817753441,2018-08-02,82.03,-0.0014607425441266475,2018-08-02,8.46,0.0011834319526629056
6,2018-08-01,111.87,6,2018-08-01,83.02,0.0033840947546530664,2018-08-01,296.11,0.005842589761880568,2018-08-01,85.95,0.014997638167217664,2018-08-01,112.93,0.007493978053350059,2018-08-01,16.4,0.003671970624234966,2018-08-01,17.55,0.004579278763594763,2018-08-01,130.76,0.004995772807624199,2018-08-01,146.72,0.0022542523396407166,2018-08-01,14.25,0.0042283298097252064,2018-08-01,1.64,0.012345679012345512,2018-08-01,13.71,0.0073475385745775945,2018-08-01,76.14,0.004618023485947864,2018-08-01,2.11,0.009569377990430672,2018-08-01,12.73,0.008716323296355188,2018-08-01,82.15,0.006246937775600259,2018-08-01,8.45,0.007151370679379987
7,2018-07-31,111.31,7,2018-07-31,82.74,0.008409506398537436,2018-07-31,294.39,0.00016987157708769907,2018-07-31,84.68,0.0026047833293867395,2018-07-31,112.09,0.00035698348951362924,2018-07-31,16.34,0.0036855036855036882,2018-07-31,17.47,0.0005727376861395239,2018-07-31,130.11,0.00038443795171461126,2018-07-31,146.39,0.004391080617495602,2018-07-31,14.19,0.000705218617771397,2018-07-31,1.62,0.0,2018-07-31,13.61,0.0029476787030213725,2018-07-31,75.79,0.004772636881877235,2018-07-31,2.09,0.004807692307692291,2018-07-31,12.62,0.005577689243027706,2018-07-31,81.64,0.0023327194597912992,2018-07-31,8.39,0.0157384987893463
8,2018-07-30,111.29,8,2018-07-30,82.05,-0.011088345185006676,2018-07-30,294.34,-0.011718094214820618,2018-07-30,84.46,-0.005416862929816357,2018-07-30,112.05,-0.005591054313099142,2018-07-30,16.28,-0.01927710843373498,2018-07-30,17.46,-0.008517887563884052,2018-07-30,130.06,-0.008689024390243771,2018-07-30,145.75,-0.005662436894528722,2018-07-30,14.18,-0.01115760111576014,2018-07-30,1.62,-0.006134969325153228,2018-07-30,13.57,-0.008040935672514626,2018-07-30,75.43,-0.007499999999999951,2018-07-30,2.08,-0.00952380952380949,2018-07-30,12.55,-0.007905138339920903,2018-07-30,81.45,-0.009726443768996895,2018-07-30,8.26,-0.008403361344537896
9,2018-07-27,112.61,9,2018-07-27,82.97,-0.006466291462100426,2018-07-27,297.83,-0.0013412466887973151,2018-07-27,84.92,-0.008291486628517974,2018-07-27,112.68,-0.002125398512221044,2018-07-27,16.6,-0.0077704722056185505,2018-07-27,17.61,-0.0011344299489506326,2018-07-27,131.2,-0.0010659357393026925,2018-07-27,146.58,-0.005630554236483176,2018-07-27,14.34,-0.0013927576601671099,2018-07-27,1.63,-0.012121212121212088,2018-07-27,13.68,-0.009413468501086264,2018-07-27,76.0,-0.008868022952530086,2018-07-27,2.1,-0.004739336492890933,2018-07-27,12.65,-0.007064364207221341,2018-07-27,82.25,-0.003996124969726345,2018-07-27,8.33,-0.020000000000000018
10,2018-07-26,112.76,10,2018-07-26,83.51,0.0010788779669144155,2018-07-26,298.23,0.0006039255158529766,2018-07-26,85.63,0.0003504672897196581,2018-07-26,112.92,8.856611460461572e-05,2018-07-26,16.73,-0.004166666666666652,2018-07-26,17.63,-0.002263723825693398,2018-07-26,131.34,-0.002809202034773417,2018-07-26,147.41,-0.005062095032397407,2018-07-26,14.36,-0.0020847810979848225,2018-07-26,1.65,0.0,2018-07-26,13.81,-0.003607503607503504,2018-07-26,76.68,0.0005219206680584509,2018-07-26,2.11,-0.004716981132075526,2018-07-26,12.74,-0.00312989045383405,2018-07-26,82.58,-0.002416042522348394,2018-07-26,8.5,-0.0023474178403755097
11,2018-07-25,112.99,11,2018-07-25,83.42,0.0003597553663508002,2018-07-25,298.05,0.002320419693301101,2018-07-25,85.6,-0.00011680878402064998,2018-07-25,112.91,0.0009751773049644363,2018-07-25,16.8,0.0005955926146516966,2018-07-25,17.67,0.0,2018-07-25,131.71,0.0004557538928977589,2018-07-25,148.16,-0.004568664337543771,2018-07-25,14.39,0.004187020237264472,2018-07-25,1.65,0.0060975609756097615,2018-07-25,13.86,-0.0028776978417266452,2018-07-25,76.64,0.004456094364351237,2018-07-25,2.12,0.00952380952380949,2018-07-25,12.78,0.0015673981191222097,2018-07-25,82.78,0.002664728682170603,2018-07-25,8.52,0.001175088131609936
12,2018-07-24,112.46,12,2018-07-24,83.39,-0.0023926306974518807,2018-07-24,297.36,-0.00010087763542809824,2018-07-24,85.61,-0.00023356300362020743,2018-07-24,112.8,0.003558718861209842,2018-07-24,16.79,-0.005331753554502328,2018-07-24,17.67,0.001700680272108901,2018-07-24,131.65,0.0014453065571276014,2018-07-24,148.84,0.0019522046449007568,2018-07-24,14.33,-0.002089136490250665,2018-07-24,1.64,-0.0060606060606061,2018-07-24,13.9,0.0,2018-07-24,76.3,-0.0007857517024620897,2018-07-24,2.1,-0.004739336492890933,2018-07-24,12.76,0.003933910306844979,2018-07-24,82.56,-0.0019342359767891004,2018-07-24,8.51,0.0011764705882353343
13,2018-07-23,112.71,13,2018-07-23,83.59,0.011862970584675114,2018-07-23,297.39,0.004560194568301368,2018-07-23,85.63,0.008598351001177784,2018-07-23,112.4,-0.0021306818181817677,2018-07-23,16.88,0.011990407673860837,2018-07-23,17.64,0.003984063745019917,2018-07-23,131.46,0.004354801741920822,2018-07-23,148.55,0.0030384875084403795,2018-07-23,14.36,0.004898530440867743,2018-07-23,1.65,0.012269938650306678,2018-07-23,13.9,0.005061460592914013,2018-07-23,76.36,0.00778672297743177,2018-07-23,2.11,0.009569377990430672,2018-07-23,12.71,-0.0007861635220125507,2018-07-23,82.72,0.006203624863155399,2018-07-23,8.5,0.02781136638452253
14,2018-07-20,112.2,14,2018-07-20,82.61,-0.005298013245033095,2018-07-20,296.04,0.011583803177857677,2018-07-20,84.9,0.0018881283927307813,2018-07-20,112.64,0.005534725941796159,2018-07-20,16.68,-0.00773349196906592,2018-07-20,17.57,0.0028538812785388057,2018-07-20,130.89,0.0024507926782568745,2018-07-20,148.1,0.005840804129312538,2018-07-20,14.29,0.009893992932862083,2018-07-20,1.63,0.006172839506172645,2018-07-20,13.83,-0.0021645021645021467,2018-07-20,75.77,-0.0038127793846963742,2018-07-20,2.09,0.004807692307692291,2018-07-20,12.72,-0.0015698587127158659,2018-07-20,82.21,0.0019500304692261494,2018-07-20,8.27,0.0
15,2018-07-19,111.06,15,2018-07-19,83.05,0.009603695599319062,2018-07-19,292.65,-0.0018077631489188395,2018-07-19,84.74,0.004266413842142658,2018-07-19,112.02,0.0026852846401719255,2018-07-19,16.81,0.012040939193256994,2018-07-19,17.52,0.005163511187607606,2018-07-19,130.57,0.005390005390005337,2018-07-19,147.24,0.002860645688598451,2018-07-19,14.15,0.004971590909090828,2018-07-19,1.62,0.006211180124223503,2018-07-19,13.86,0.008000000000000007,2018-07-19,76.06,0.006750496360026448,2018-07-19,2.08,0.004830917874396157,2018-07-19,12.74,0.007114624505928813,2018-07-19,82.05,0.007490176817288807,2018-07-19,8.27,0.008536585365853666
16,2018-07-18,110.5,16,2018-07-18,82.26,0.004886391399951284,2018-07-18,293.18,0.0032165343553243186,2018-07-18,84.38,0.001661918328585088,2018-07-18,111.72,0.002512562814070307,2018-07-18,16.61,-0.0006016847172082285,2018-07-18,17.43,0.003454231433505983,2018-07-18,129.87,0.0036321483771251106,2018-07-18,146.82,0.003280032800327959,2018-07-18,14.08,-0.002126151665485465,2018-07-18,1.61,0.0,2018-07-18,13.75,0.0007278020378456151,2018-07-18,75.55,0.003853308530427757,2018-07-18,2.07,0.0,2018-07-18,12.65,0.0023771790808242432,2018-07-18,81.44,0.0033263521005297836,2018-07-18,8.2,0.0012210012210012167
17,2018-07-17,110.73,17,2018-07-17,81.86,0.0038013488657264727,2018-07-17,292.24,0.001713854802221082,2018-07-17,84.24,0.001545595054095683,2018-07-17,111.44,0.0008981498113884712,2018-07-17,16.62,-0.0012019230769230171,2018-07-17,17.37,0.0046269519953732186,2018-07-17,129.4,0.0044244353023363825,2018-07-17,146.34,0.0012315270935960854,2018-07-17,14.11,0.0014194464158978626,2018-07-17,1.61,0.0,2018-07-17,13.74,0.009551800146950784,2018-07-17,75.26,0.00749665327978577,2018-07-17,2.07,0.0,2018-07-17,12.62,0.0031796502384737746,2018-07-17,81.17,0.002965525763005017,2018-07-17,8.19,0.013613861386138515
18,2018-07-13,110.54,18,2018-07-13,81.55,-0.0004902561588431276,2018-07-13,291.74,0.002784174887429991,2018-07-13,84.11,0.0010711735301118797,2018-07-13,111.34,0.0,2018-07-13,16.64,0.004224502112251116,2018-07-13,17.29,0.0005787037037034981,2018-07-13,128.83,0.0007768197001478683,2018-07-13,146.16,0.003157172271791353,2018-07-13,14.09,0.001421464108031234,2018-07-13,1.61,0.0,2018-07-13,13.61,0.0029476787030213725,2018-07-13,74.7,0.001474728515886925,2018-07-13,2.07,0.0,2018-07-13,12.58,0.006399999999999961,2018-07-13,80.93,0.0007419314949919098,2018-07-13,8.08,0.0012391573729864103
19,2018-07-12,110.35,19,2018-07-12,81.59,0.0017188459177408522,2018-07-12,290.93,-0.0061150587592239125,2018-07-12,84.02,-0.001188777936281582,2018-07-12,111.34,-0.002508511019530535,2018-07-12,16.57,-0.0006031363088057073,2018-07-12,17.28,-0.0028851702250430877,2018-07-12,128.73,-0.0027114967462040784,2018-07-12,145.7,0.00013728720483241474,2018-07-12,14.07,-0.004950495049504955,2018-07-12,1.61,-0.006172839506172867,2018-07-12,13.57,-0.0007363770250368162,2018-07-12,74.59,0.002553763440860113,2018-07-12,2.07,-0.004807692307692402,2018-07-12,12.5,0.010509296685529579,2018-07-12,80.87,-0.0017281817059622284,2018-07-12,8.07,0.006234413965087393
20,2018-07-11,110.94,20,2018-07-11,81.45,-0.006707317073170738,2018-07-11,292.72,-0.004455327687650779,2018-07-11,84.12,-0.0016615238547353917,2018-07-11,111.62,-0.0025022341376228496,2018-07-11,16.58,-0.007779772591262835,2018-07-11,17.33,-0.001728110599078403,2018-07-11,129.08,-0.002010205659502051,2018-07-11,145.68,-0.003965540817721713,2018-07-11,14.14,0.0007077140835103357,2018-07-11,1.62,0.0,2018-07-11,13.58,-0.0014705882352941124,2018-07-11,74.4,-0.008660892738174386,2018-07-11,2.08,0.0,2018-07-11,12.37,0.0,2018-07-11,81.01,-0.0033218503937006982,2018-07-11,8.02,-0.007425742574257432
21,2018-07-10,110.88,21,2018-07-10,82.0,-0.0027970327131218164,2018-07-10,294.03,0.0006806656910458564,2018-07-10,84.26,-0.01080065743132197,2018-07-10,111.9,-0.004093983624065434,2018-07-10,16.71,0.028940886699507562,2018-07-10,17.36,-0.005157593123209181,2018-07-10,129.34,-0.004464285714285587,2018-07-10,146.26,0.0037746208221809407,2018-07-10,14.13,-0.0007072135785006761,2018-07-10,1.62,0.0,2018-07-10,13.6,-0.0029325513196482023,2018-07-10,75.05,-0.010155631759430128,2018-07-10,2.08,-0.004784688995215225,2018-07-10,12.37,-0.023677979479084454,2018-07-10,81.28,-0.003433055419323261,2018-07-10,8.08,-0.04265402843601884
22,2018-07-09,111.01,22,2018-07-09,82.23,0.0004866772113396589,2018-07-09,293.83,-0.0029183209474363814,2018-07-09,85.18,0.001410768869033685,2018-07-09,112.36,0.005908683974932716,2018-07-09,16.24,-0.0018438844499079066,2018-07-09,17.45,0.0034502587694076325,2018-07-09,129.92,0.0030883261272387497,2018-07-09,145.71,0.00027459325873557816,2018-07-09,14.14,-0.0014124293785310327,2018-07-09,1.62,0.0,2018-07-09,13.64,0.005158437730287346,2018-07-09,75.82,0.003839533960015684,2018-07-09,2.09,0.0,2018-07-09,12.67,0.007955449482895727,2018-07-09,81.56,-0.0006126700159293508,2018-07-09,8.44,0.002375296912114022
23,2018-07-06,111.1,23,2018-07-06,82.19,0.002561600390339036,2018-07-06,294.69,0.0013932309365232154,2018-07-06,85.06,0.0003528166529460641,2018-07-06,111.7,-0.000983811823629388,2018-07-06,16.27,-0.0006142506142506887,2018-07-06,17.39,0.0011514104778354017,2018-07-06,129.52,0.0009273570324574987,2018-07-06,145.67,0.0,2018-07-06,14.16,0.0,2018-07-06,1.62,0.0,2018-07-06,13.57,-0.0007363770250368162,2018-07-06,75.53,0.0025219007167507357,2018-07-06,2.09,0.004807692307692291,2018-07-06,12.57,-0.003961965134706702,2018-07-06,81.61,0.0015954835542464352,2018-07-06,8.42,0.0035756853396899935
24,2018-07-05,111.18,24,2018-07-05,81.98,-0.0071454523434659745,2018-07-05,294.28,0.0041287064523833905,2018-07-05,85.03,0.0011774402449074017,2018-07-05,111.81,0.000984780662488749,2018-07-05,16.28,-0.006711409395973145,2018-07-05,17.37,-0.0034423407917383297,2018-07-05,129.4,-0.00361900361900358,2018-07-05,145.67,-0.00348884936379823,2018-07-05,14.16,0.003543586109142405,2018-07-05,1.62,0.006211180124223503,2018-07-05,13.58,-0.0022042615723731895,2018-07-05,75.34,-0.006199709800817854,2018-07-05,2.08,0.0,2018-07-05,12.62,-0.002371541501976382,2018-07-05,81.48,0.00012274456855299043,2018-07-05,8.39,-0.005924170616113611
25,2018-07-04,110.72,25,2018-07-04,82.57,0.0023063850449138723,2018-07-04,293.07,-0.00445003057272908,2018-07-04,84.93,0.004732047793682748,2018-07-04,111.7,-0.0023222579492675477,2018-07-04,16.39,0.0,2018-07-04,17.43,-0.0028604118993135197,2018-07-04,129.87,-0.0029940119760477613,2018-07-04,146.18,0.0022625985601645304,2018-07-04,14.11,-0.0014154281670206714,2018-07-04,1.61,-0.006172839506172867,2018-07-04,13.61,0.0014716703458423908,2018-07-04,75.81,0.001717758985200879,2018-07-04,2.08,0.0,2018-07-04,12.65,0.00877192982456143,2018-07-04,81.47,-0.0007359254262234716,2018-07-04,8.44,0.018094089264173663
26,2018-07-03,110.95,26,2018-07-03,82.38,0.000972053462940492,2018-07-03,294.38,0.006565000341927085,2018-07-03,84.53,0.0021339656194427903,2018-07-03,111.96,0.0020585339658103496,2018-07-03,16.39,-0.012055455093429757,2018-07-03,17.48,0.0017191977077364307,2018-07-03,130.26,0.0016917871424178,2018-07-03,145.85,-0.007755629634669137,2018-07-03,14.13,0.0,2018-07-03,1.62,0.006211180124223503,2018-07-03,13.59,-0.01521739130434785,2018-07-03,75.68,0.001853322742917607,2018-07-03,2.08,0.004830917874396157,2018-07-03,12.54,-0.009478672985782088,2018-07-03,81.53,-0.0008578431372547879,2018-07-03,8.29,0.0
27,2018-07-02,110.93,27,2018-07-02,82.3,0.011304988940771699,2018-07-02,292.46,0.004257949316667675,2018-07-02,84.35,0.019458544839255465,2018-07-02,111.73,0.006304602359722633,2018-07-02,16.59,-0.02123893805309729,2018-07-02,17.45,0.017492711370262537,2018-07-02,130.04,0.017925636007827705,2018-07-02,146.99,0.007194737563382292,2018-07-02,14.13,0.0071275837491091565,2018-07-02,1.61,-0.006172839506172867,2018-07-02,13.8,0.01845018450184499,2018-07-02,75.54,-0.0022454101175536367,2018-07-02,2.07,0.004854368932038833,2018-07-02,12.66,0.021791767554479424,2018-07-02,81.6,0.006413418845584662,2018-07-02,8.29,0.023456790123456805
28,2018-06-29,110.08,28,2018-06-29,81.38,0.00024582104228110246,2018-06-29,291.22,-0.003933372097000287,2018-06-29,82.74,-0.003252620166245168,2018-06-29,111.03,0.0016238159675237007,2018-06-29,16.95,-0.0058651026392962935,2018-06-29,17.15,0.0,2018-06-29,127.75,-0.0006258311820386275,2018-06-29,145.94,0.0032998762546403437,2018-06-29,14.03,-0.0035511363636364646,2018-06-29,1.62,0.0,2018-06-29,13.55,0.0037037037037037646,2018-06-29,75.71,0.0003964059196615022,2018-06-29,2.06,-0.004830917874396046,2018-06-29,12.39,-0.0032180209171358554,2018-06-29,81.08,-0.002460629921259838,2018-06-29,8.1,0.0012360939431397266
29,2018-06-28,110.43,29,2018-06-28,81.36,0.001107419712070845,2018-06-28,292.37,0.0033631902261574975,2018-06-28,83.01,0.0022941318522098353,2018-06-28,110.85,0.0024416711882799813,2018-06-28,17.05,0.0035314891112421254,2018-06-28,17.15,0.003510825043885335,2018-06-28,127.83,0.003611525476956867,2018-06-28,145.46,0.004349927501208217,2018-06-28,14.08,0.004279600570613384,2018-06-28,1.62,0.006211180124223503,2018-06-28,13.5,0.005212211466865346,2018-06-28,75.68,-0.0036861506055817506,2018-06-28,2.07,0.004854368932038833,2018-06-28,12.43,0.005663430420711935,2018-06-28,81.28,0.0024666995559941007,2018-06-28,8.09,0.009987515605493158
30,2018-06-27,110.03,30,2018-06-27,81.27,-0.0041661561083200516,2018-06-27,291.39,-0.0010969798772753059,2018-06-27,82.82,-0.0065970972771981495,2018-06-27,110.58,-0.0027056277056276556,2018-06-27,16.99,-0.0035190615835778427,2018-06-27,17.09,-0.005817335660267653,2018-06-27,127.37,-0.005698672911787606,2018-06-27,144.83,-0.008624820316243342,2018-06-27,14.02,-0.0007127583749109156,2018-06-27,1.61,-0.006172839506172867,2018-06-27,13.43,-0.010316875460574804,2018-06-27,75.96,-0.004977731202515212,2018-06-27,2.06,0.0,2018-06-27,12.36,-0.01040832666132907,2018-06-27,81.08,-0.005153374233128893,2018-06-27,8.01,-0.00496894409937898
31,2018-06-26,110.15,31,2018-06-26,81.61,-0.006935994159162906,2018-06-26,291.71,-0.003348252417233355,2018-06-26,83.37,-0.004418438022450344,2018-06-26,110.88,0.0008123476848089783,2018-06-26,17.05,-0.0064102564102563875,2018-06-26,17.19,0.0,2018-06-26,128.1,0.0006249023590063629,2018-06-26,146.09,-0.003682738866534807,2018-06-26,14.03,-0.0035511363636364646,2018-06-26,1.62,-0.006134969325153228,2018-06-26,13.57,0.0014760147601475815,2018-06-26,76.34,-0.0031339775398275815,2018-06-26,2.06,-0.004830917874396046,2018-06-26,12.49,-0.003987240829345984,2018-06-26,81.5,-0.002936138977244873,2018-06-26,8.05,-0.0230582524271844
32,2018-06-25,110.55,32,2018-06-25,82.18,-0.004240882103477506,2018-06-25,292.69,-0.0016372753010199803,2018-06-25,83.74,-0.00687855787476277,2018-06-25,110.79,-0.0009918845807033172,2018-06-25,17.16,-0.004640371229698292,2018-06-25,17.19,0.0017482517482518833,2018-06-25,128.02,0.0010947763528308396,2018-06-25,146.63,-0.00013637913399255908,2018-06-25,14.08,-0.0014184397163120588,2018-06-25,1.63,-0.0060975609756097615,2018-06-25,13.55,-0.00367647058823517,2018-06-25,76.58,-0.0045495905368517775,2018-06-25,2.07,-0.004807692307692402,2018-06-25,12.54,-0.008695652173913104,2018-06-25,81.74,-0.005354100754441649,2018-06-25,8.24,0.0036540803897684437
33,2018-06-22,110.67,33,2018-06-22,82.53,-0.011853448275861989,2018-06-22,293.17,0.003113665913912378,2018-06-22,84.32,-0.008116692153864347,2018-06-22,110.9,-0.009202179933887278,2018-06-22,17.24,-0.0017371163867979655,2018-06-22,17.16,-0.01718213058419249,2018-06-22,127.88,-0.016912669126691426,2018-06-22,146.65,-0.006032262437305036,2018-06-22,14.1,0.002844950213371167,2018-06-22,1.64,0.006134969325153339,2018-06-22,13.6,-0.012345679012345623,2018-06-22,76.93,-0.007354838709677347,2018-06-22,2.08,0.004830917874396157,2018-06-22,12.65,-0.012490241998438734,2018-06-22,82.18,-0.005205180970826673,2018-06-22,8.21,-0.010843373493975905
34,2018-06-21,110.33,34,2018-06-21,83.52,-0.0010764262648008671,2018-06-21,292.26,-0.001741981760426281,2018-06-21,85.01,0.001413594062904977,2018-06-21,111.93,0.0,2018-06-21,17.27,0.001159420289855051,2018-06-21,17.46,0.0022962112514350874,2018-06-21,130.08,0.002002773070405306,2018-06-21,147.54,-0.0015564728970698383,2018-06-21,14.06,-0.0014204545454544748,2018-06-21,1.63,-0.0060975609756097615,2018-06-21,13.77,0.0021834061135370675,2018-06-21,77.5,0.0011626404857254524,2018-06-21,2.07,-0.004807692307692402,2018-06-21,12.81,0.0015637216575450363,2018-06-21,82.61,-0.0008466376390905417,2018-06-21,8.3,-0.001203369434416346
35,2018-06-20,110.52,35,2018-06-20,83.61,-0.0015524241700500818,2018-06-20,292.77,0.0018135778811934067,2018-06-20,84.89,0.0005893446487506004,2018-06-20,111.93,0.001162790697674554,2018-06-20,17.25,0.0017421602787457413,2018-06-20,17.42,0.0011494252873565092,2018-06-20,129.82,0.001620245351438676,2018-06-20,147.77,0.0029184199809964007,2018-06-20,14.08,0.0014224751066855834,2018-06-20,1.64,0.0,2018-06-20,13.74,0.00512070226773953,2018-06-20,77.41,0.0018118286527759597,2018-06-20,2.08,0.0,2018-06-20,12.79,0.006294256490951833,2018-06-20,82.68,0.0018175209014903437,2018-06-20,8.31,-0.009535160905840279
36,2018-06-19,110.32,36,2018-06-19,83.74,0.0058858858858859,2018-06-19,292.24,0.008036976992859879,2018-06-19,84.84,0.004737091425864648,2018-06-19,111.8,0.005938456001439496,2018-06-19,17.22,0.006428988895382792,2018-06-19,17.4,0.0040392383150607,2018-06-19,129.61,0.004105980787108887,2018-06-19,147.34,0.003746849240411576,2018-06-19,14.06,0.007885304659498216,2018-06-19,1.64,0.012345679012345512,2018-06-19,13.67,0.005886681383370229,2018-06-19,77.27,0.0027251492343627337,2018-06-19,2.08,0.004830917874396157,2018-06-19,12.71,0.010333863275039823,2018-06-19,82.53,0.005850091407678226,2018-06-19,8.39,0.0011933174224343368
37,2018-06-18,109.44,37,2018-06-18,83.25,-0.0058514449486505304,2018-06-18,289.91,-0.003916852774437318,2018-06-18,84.44,-0.0025986298133711117,2018-06-18,111.14,-0.007767163646103081,2018-06-18,17.11,-0.005232558139534826,2018-06-18,17.33,-0.004595060310166654,2018-06-18,129.08,-0.004703523787493169,2018-06-18,146.79,-0.004543605045436161,2018-06-18,13.95,-0.0035714285714286698,2018-06-18,1.62,-0.006134969325153228,2018-06-18,13.59,-0.0029347028613353476,2018-06-18,77.06,-0.0015548069448043655,2018-06-18,2.07,-0.009569377990430672,2018-06-18,12.58,-0.003958828186856778,2018-06-18,82.05,-0.004005826656955591,2018-06-18,8.38,-0.011792452830188593
38,2018-06-15,109.87,38,2018-06-15,83.74,-0.008642121463241392,2018-06-15,291.05,-0.0028777964301619496,2018-06-15,84.66,-0.005637773079633646,2018-06-15,112.01,0.0023266219239375108,2018-06-15,17.2,-0.004053271569195105,2018-06-15,17.41,-0.0017201834862385912,2018-06-15,129.69,-0.0012321909896033656,2018-06-15,147.46,-0.0033792917004595857,2018-06-15,14.0,-0.002849002849002802,2018-06-15,1.63,-0.012121212121212088,2018-06-15,13.63,-0.002196193265007307,2018-06-15,77.18,-0.00554052312846276,2018-06-15,2.09,-0.004761904761904856,2018-06-15,12.63,0.0,2018-06-15,82.38,-0.00435097897026826,2018-06-15,8.48,-0.02304147465437778
39,2018-06-14,110.16,39,2018-06-14,84.47,0.007874955255936067,2018-06-14,291.89,0.002989485258745095,2018-06-14,85.14,0.003772695119075742,2018-06-14,111.75,0.0015235705323535242,2018-06-14,17.27,0.0052386495925493826,2018-06-14,17.44,0.008675534991324563,2018-06-14,129.85,0.008935508935508985,2018-06-14,147.96,0.0050264909659014645,2018-06-14,14.04,0.0028571428571428914,2018-06-14,1.65,0.0060975609756097615,2018-06-14,13.66,0.008118081180811698,2018-06-14,77.61,0.005050505050504972,2018-06-14,2.1,0.0,2018-06-14,12.63,0.0063745019920318224,2018-06-14,82.74,0.004979958702781451,2018-06-14,8.68,0.008130081300812941
40,2018-06-13,109.83,40,2018-06-13,83.81,-0.00178656503096708,2018-06-13,291.02,-0.0006181318681318659,2018-06-13,84.82,-0.001647834274952964,2018-06-13,111.58,0.003507509668135622,2018-06-13,17.18,0.0011655011655011815,2018-06-13,17.29,0.0011580775911985697,2018-06-13,128.7,0.001712328767123239,2018-06-13,147.22,0.006219670562504165,2018-06-13,14.0,-0.0007137758743753775,2018-06-13,1.64,0.0,2018-06-13,13.55,0.0014781966001480296,2018-06-13,77.22,-0.000647081661705684,2018-06-13,2.1,0.004784688995215447,2018-06-13,12.55,0.0,2018-06-13,82.33,0.0010943579766538036,2018-06-13,8.61,-0.016000000000000014
41,2018-06-12,109.9,41,2018-06-12,83.96,0.009862881885975394,2018-06-12,291.2,0.0023406305934188243,2018-06-12,84.96,0.0030696576151121313,2018-06-12,111.19,0.0027053837135899705,2018-06-12,17.16,0.0035087719298245723,2018-06-12,17.27,0.0040697674418603835,2018-06-12,128.48,0.0035148012184642585,2018-06-12,146.31,-0.002386472112368754,2018-06-12,14.01,0.0021459227467810482,2018-06-12,1.64,0.0,2018-06-12,13.53,0.007446016381235987,2018-06-12,77.27,0.008088714938029984,2018-06-12,2.09,0.0,2018-06-12,12.55,0.007223113964687,2018-06-12,82.24,0.003171505245181727,2018-06-12,8.75,0.01156069364161838
42,2018-06-11,109.7,42,2018-06-11,83.14,0.024522489217498444,2018-06-11,290.52,-0.00812564015022188,2018-06-11,84.7,0.01570931766398842,2018-06-11,110.89,0.00045110068567311146,2018-06-11,17.1,0.025794841031793636,2018-06-11,17.2,0.002331002331002363,2018-06-11,128.03,0.0011729746637472171,2018-06-11,146.66,0.014597025250778106,2018-06-11,13.98,-0.007806955287437911,2018-06-11,1.64,0.01863354037267073,2018-06-11,13.43,-0.005185185185185182,2018-06-11,76.65,0.027617643115699142,2018-06-11,2.09,0.009661835748792313,2018-06-11,12.46,0.017973856209150485,2018-06-11,81.98,0.014101929737753593,2018-06-11,8.65,0.07855361596009991
43,2018-06-08,110.54,43,2018-06-08,81.15,0.004704717097932631,2018-06-08,292.9,0.004837215684929008,2018-06-08,83.39,0.01103297769156164,2018-06-08,110.84,0.003985507246376807,2018-06-08,16.67,0.0036122817579773425,2018-06-08,17.16,0.005272407732864748,2018-06-08,127.88,0.00574125049154528,2018-06-08,144.55,0.0020797227036395416,2018-06-08,14.09,0.004992867332382245,2018-06-08,1.61,0.006250000000000089,2018-06-08,13.5,0.005212211466865346,2018-06-08,74.59,0.0004023605150214049,2018-06-08,2.07,0.009756097560975618,2018-06-08,12.24,-0.0016313213703099683,2018-06-08,80.84,0.005097600397861557,2018-06-08,8.02,0.010075566750629594
44,2018-06-07,110.01,44,2018-06-07,80.77,-0.004191838244359536,2018-06-07,291.49,0.01148587688250391,2018-06-07,82.48,-0.0009689922480620172,2018-06-07,110.4,-0.004867495943753353,2018-06-07,16.61,-0.005389221556886259,2018-06-07,17.07,-0.006980802792321161,2018-06-07,127.15,-0.007183571484344453,2018-06-07,144.25,-0.007636213538800285,2018-06-07,14.02,0.0014285714285713347,2018-06-07,1.6,-0.006211180124223614,2018-06-07,13.43,-0.006656804733727761,2018-06-07,74.56,-0.008114939470533433,2018-06-07,2.05,0.0,2018-06-07,12.26,-0.009693053311793265,2018-06-07,80.43,-0.0026041666666666297,2018-06-07,7.94,-0.02216748768472887
45,2018-06-06,109.91,45,2018-06-06,81.11,-0.0017230769230769383,2018-06-06,288.18,-0.00020815986677769072,2018-06-06,82.56,0.0015770957175784694,2018-06-06,110.94,-0.000540540540540535,2018-06-06,16.7,-0.0029850746268657025,2018-06-06,17.19,-0.0011621150493899002,2018-06-06,128.07,-0.0010919585055768621,2018-06-06,145.36,-0.0008248556502610249,2018-06-06,14.0,0.002865329512893977,2018-06-06,1.61,0.0,2018-06-06,13.52,0.0,2018-06-06,75.17,-0.004898067249139548,2018-06-06,2.05,0.0,2018-06-06,12.38,0.0,2018-06-06,80.64,0.00186358553857624,2018-06-06,8.12,0.003708281829418958
46,2018-06-05,109.56,46,2018-06-05,81.25,-0.0022104875353065045,2018-06-05,288.24,-0.008291759848615077,2018-06-05,82.43,-0.0008484848484847651,2018-06-05,111.0,-0.00027019724398813505,2018-06-05,16.75,-0.0029761904761904656,2018-06-05,17.21,0.003498542274052552,2018-06-05,128.21,0.0030511657017682214,2018-06-05,145.48,0.000825536598789034,2018-06-05,13.96,-0.0014306151645206988,2018-06-05,1.61,-0.006172839506172867,2018-06-05,13.52,-0.001477104874446078,2018-06-05,75.54,-0.0034300791556727273,2018-06-05,2.05,-0.004854368932038944,2018-06-05,12.38,-0.0008071025020177647,2018-06-05,80.49,-0.0014886490509863348,2018-06-05,8.09,-0.0085784313725491
47,2018-06-04,109.69,47,2018-06-04,81.43,-0.012131505519834995,2018-06-04,290.65,0.0071730542657149066,2018-06-04,82.5,-0.019957234497505416,2018-06-04,111.03,0.004523658735185121,2018-06-04,16.8,-0.012925969447708519,2018-06-04,17.15,0.0023378141437755406,2018-06-04,127.82,0.003769436155174999,2018-06-04,145.36,0.004075429992401736,2018-06-04,13.98,0.007204610951008661,2018-06-04,1.62,0.0,2018-06-04,13.54,0.016516516516516422,2018-06-04,75.8,-0.008502289077828684,2018-06-04,2.06,-0.009615384615384581,2018-06-04,12.39,0.0032388663967612974,2018-06-04,80.61,-0.009948415622697104,2018-06-04,8.16,-0.05005820721769494
48,2018-06-01,108.94,48,2018-06-01,82.43,-0.0043483512501509836,2018-06-01,288.58,-0.005753660637381586,2018-06-01,84.18,-0.0022519853028327708,2018-06-01,110.53,0.001177536231883991,2018-06-01,17.02,-0.008736167734420652,2018-06-01,17.11,-0.005810575246949501,2018-06-01,127.34,-0.0063207179087008125,2018-06-01,144.77,-0.0074048680150838875,2018-06-01,13.88,-0.005730659025787954,2018-06-01,1.62,0.0,2018-06-01,13.32,-0.008928571428571397,2018-06-01,76.45,0.007379101330873716,2018-06-01,2.08,0.0,2018-06-01,12.35,-0.01436552274541103,2018-06-01,81.42,-0.004158512720156549,2018-06-01,8.59,-0.021640091116173044
49,2018-05-31,109.54,49,2018-05-31,82.79,-0.002049180327868716,2018-05-31,290.25,-0.0006197706848466433,2018-05-31,84.37,-0.007294975879515109,2018-05-31,110.4,-0.0003621876131835178,2018-05-31,17.17,-0.0005820721769498327,2018-05-31,17.21,-0.0017401392111368041,2018-05-31,128.15,-0.0021024762498051963,2018-05-31,145.85,-0.00464068791373784,2018-05-31,13.96,0.0,2018-05-31,1.62,0.006211180124223503,2018-05-31,13.44,-0.00591715976331364,2018-05-31,75.89,-0.0005268010009219504,2018-05-31,2.08,-0.004784688995215225,2018-05-31,12.53,0.0023999999999999577,2018-05-31,81.76,0.0,2018-05-31,8.78,-0.005662514156285492
50,2018-05-30,109.58,50,2018-05-30,82.96,-0.00012052549114138777,2018-05-30,290.43,-0.0012036591237359895,2018-05-30,84.99,-0.004917456972251544,2018-05-30,110.44,0.0013600507752289381,2018-05-30,17.18,-0.0017431725740848503,2018-05-30,17.24,0.0,2018-05-30,128.42,0.00023366305787053676,2018-05-30,146.53,-0.00013647219379053777,2018-05-30,13.96,-0.0014306151645206988,2018-05-30,1.61,0.0,2018-05-30,13.52,-0.003684598378776771,2018-05-30,75.93,-0.00039494470774070756,2018-05-30,2.09,0.0,2018-05-30,12.5,-0.002394253790901746,2018-05-30,81.76,0.0009794319294809117,2018-05-30,8.83,0.002270147559591429
51,2018-05-29,109.71,51,2018-05-29,82.97,-0.011791329204382972,2018-05-29,290.78,-0.010548523206751148,2018-05-29,85.41,-0.01237280296022214,2018-05-29,110.29,-0.012446275071633206,2018-05-29,17.21,-0.013188073394495459,2018-05-29,17.24,-0.01710376282782211,2018-05-29,128.39,-0.01684661918983088,2018-05-29,146.55,-0.01578240429818667,2018-05-29,13.98,-0.009915014164305846,2018-05-29,1.61,-0.012269938650306678,2018-05-29,13.57,-0.01380813953488369,2018-05-29,75.96,-0.012352099856975718,2018-05-29,2.09,-0.014150943396226578,2018-05-29,12.53,-0.018025078369905967,2018-05-29,81.68,-0.013049782503624874,2018-05-29,8.81,-0.0011337868480725266
52,2018-05-28,110.88,52,2018-05-28,83.96,-0.002968768554803436,2018-05-28,293.88,-0.0008839328211055486,2018-05-28,86.48,-0.004947646991140142,2018-05-28,111.68,0.0027835144114214394,2018-05-28,17.44,-0.0005730659025786622,2018-05-28,17.54,-0.0017074558907228532,2018-05-28,130.59,-0.0019870080244553945,2018-05-28,148.9,-0.0012743980146220357,2018-05-28,14.12,-0.0014144271570014633,2018-05-28,1.63,0.0,2018-05-28,13.76,-0.0028985507246377384,2018-05-28,76.91,-0.0034983156258099335,2018-05-28,2.12,0.0,2018-05-28,12.76,-0.0031250000000000444,2018-05-28,82.76,-0.0014478764478763617,2018-05-28,8.82,0.005701254275940704
53,2018-05-25,110.98,53,2018-05-25,84.21,0.008986340762041634,2018-05-25,294.14,-0.0017986221875319064,2018-05-25,86.91,0.008119707690523281,2018-05-25,111.37,0.0022498200143987734,2018-05-25,17.45,0.0005733944954127157,2018-05-25,17.57,0.0028538812785388057,2018-05-25,130.85,0.002835683629675012,2018-05-25,149.09,-0.0026757642651682456,2018-05-25,14.14,-0.0007067137809186885,2018-05-25,1.63,0.0,2018-05-25,13.8,0.00877192982456143,2018-05-25,77.18,0.007045929018789199,2018-05-25,2.12,0.0,2018-05-25,12.8,0.010260457774269982,2018-05-25,82.88,0.002540220152413175,2018-05-25,8.77,0.008045977011494232
54,2018-05-24,111.09,54,2018-05-24,83.46,0.0011996161228406965,2018-05-24,294.67,0.0020744065836904024,2018-05-24,86.21,-0.0033526011560693902,2018-05-24,111.12,0.002797581445717956,2018-05-24,17.44,-0.0005730659025786622,2018-05-24,17.52,-0.0034129692832763903,2018-05-24,130.48,-0.003436951042541936,2018-05-24,149.49,-0.0027351567711807467,2018-05-24,14.15,0.0014154281670204494,2018-05-24,1.63,-0.0060975609756097615,2018-05-24,13.68,0.00219780219780219,2018-05-24,76.64,0.002747612194164528,2018-05-24,2.12,0.0,2018-05-24,12.67,-0.0015760441292356209,2018-05-24,82.67,-0.0004836174585901576,2018-05-24,8.7,-0.012485811577752637
55,2018-05-23,110.95,55,2018-05-23,83.36,0.004700494154513679,2018-05-23,294.06,0.005333333333333412,2018-05-23,86.5,0.0018531387537641386,2018-05-23,110.81,0.004988209686196177,2018-05-23,17.45,0.004605641911341385,2018-05-23,17.58,0.004571428571428449,2018-05-23,130.93,0.004449558879938698,2018-05-23,149.9,0.0029439314866854804,2018-05-23,14.13,0.004978662873399653,2018-05-23,1.64,0.006134969325153339,2018-05-23,13.65,-0.001463057790782707,2018-05-23,76.43,0.003676953381483994,2018-05-23,2.12,0.004739336492891155,2018-05-23,12.69,0.0,2018-05-23,82.71,0.004737609329446002,2018-05-23,8.81,-0.006764374295377573
56,2018-05-22,110.36,56,2018-05-22,82.97,0.006062810719049461,2018-05-22,292.5,-0.000888099467140302,2018-05-22,86.34,0.006645680307800106,2018-05-22,110.26,9.070294784585542e-05,2018-05-22,17.37,0.002308136180034781,2018-05-22,17.5,-0.0017113519680548306,2018-05-22,130.35,-0.0015319800842590325,2018-05-22,149.46,0.0030199315482184463,2018-05-22,14.06,0.000711743772241924,2018-05-22,1.63,0.006172839506172645,2018-05-22,13.67,0.005886681383370229,2018-05-22,76.15,0.005413255875363232,2018-05-22,2.11,0.004761904761904745,2018-05-22,12.69,-0.0007874015748031704,2018-05-22,82.32,0.002435460301996928,2018-05-22,8.87,0.011402508551881407
57,2018-05-21,110.34,57,2018-05-21,82.47,-0.0022985724655213424,2018-05-21,292.76,0.009238830667402054,2018-05-21,85.77,0.0024544179523140475,2018-05-21,110.25,0.007677543186180413,2018-05-21,17.33,0.0028935185185183787,2018-05-21,17.53,-0.0011396011396010985,2018-05-21,130.55,-0.001529636711281035,2018-05-21,149.01,0.004923118424602135,2018-05-21,14.05,0.008614501076812608,2018-05-21,1.62,0.0,2018-05-21,13.59,-0.005852231163130939,2018-05-21,75.74,-0.006688524590164002,2018-05-21,2.1,0.009615384615384581,2018-05-21,12.7,-0.002356637863315081,2018-05-21,82.12,0.0013412998414827904,2018-05-21,8.77,-0.017917133258678608
58,2018-05-18,109.33,58,2018-05-18,82.66,0.0031553398058250526,2018-05-18,290.08,-0.0009987257636808744,2018-05-18,85.56,-0.0018665422305179646,2018-05-18,109.41,0.0027495188342039345,2018-05-18,17.28,0.0,2018-05-18,17.55,0.0028571428571428914,2018-05-18,130.75,0.002530286765833667,2018-05-18,148.28,0.0016888468553670766,2018-05-18,13.93,-0.0007173601147776321,2018-05-18,1.62,-0.006134969325153228,2018-05-18,13.67,0.0,2018-05-18,76.25,0.0007875049219057129,2018-05-18,2.08,-0.01421800947867291,2018-05-18,12.73,0.005529225908372792,2018-05-18,82.01,0.002444688913335824,2018-05-18,8.93,0.003370786516853963
59,2018-05-17,109.47,59,2018-05-17,82.4,0.004388103364212581,2018-05-17,290.37,-0.004457091918949496,2018-05-17,85.72,0.001518869026755354,2018-05-17,109.11,-0.002103530272544396,2018-05-17,17.28,0.0005790387955992848,2018-05-17,17.5,0.0011441647597254523,2018-05-17,130.42,0.00161277935642401,2018-05-17,148.03,-0.005909609831441731,2018-05-17,13.94,-0.0049964311206281975,2018-05-17,1.63,0.0,2018-05-17,13.67,0.004408523144746601,2018-05-17,76.19,-0.0006558237145855017,2018-05-17,2.11,-0.004716981132075526,2018-05-17,12.66,0.0031695721077655836,2018-05-17,81.81,0.0029422581831557437,2018-05-17,8.9,0.017142857142857126
60,2018-05-16,109.96,60,2018-05-16,82.04,0.008853910477127469,2018-05-16,291.67,0.005862675449184396,2018-05-16,85.59,0.014700652045050555,2018-05-16,109.34,0.0032113037893386487,2018-05-16,17.27,0.006997084548105104,2018-05-16,17.48,0.0045977011494253706,2018-05-16,130.21,0.004551766702669324,2018-05-16,148.91,0.0058767900567413545,2018-05-16,14.01,0.005743000717875146,2018-05-16,1.63,0.0,2018-05-16,13.61,0.013402829486224954,2018-05-16,76.24,0.002103049421661396,2018-05-16,2.12,0.00952380952380949,2018-05-16,12.62,0.01774193548387082,2018-05-16,81.57,0.0014732965009207621,2018-05-16,8.75,0.0069044879171462625
61,2018-05-15,109.32,61,2018-05-15,81.32,-0.007324218750000111,2018-05-15,289.97,0.003564753928151365,2018-05-15,84.35,-0.0026013952938394036,2018-05-15,108.99,0.0027601435274633435,2018-05-15,17.15,0.0011675423234092097,2018-05-15,17.4,-0.002865329512893977,2018-05-15,129.62,-0.0029997692485191907,2018-05-15,148.04,0.0012173677803326566,2018-05-15,13.93,0.0036023054755043304,2018-05-15,1.63,0.006172839506172645,2018-05-15,13.43,-0.006656804733727761,2018-05-15,76.08,-0.005490196078431375,2018-05-15,2.1,0.0,2018-05-15,12.4,0.004862236628849326,2018-05-15,81.45,-0.0022050716648289725,2018-05-15,8.69,-0.0011494252873562871
62,2018-05-14,108.93,62,2018-05-14,81.92,-0.0012192148256522373,2018-05-14,288.94,-0.00044971806136917536,2018-05-14,84.57,-0.002123893805309862,2018-05-14,108.69,-0.0024779735682819437,2018-05-14,17.13,-0.0011661807580174433,2018-05-14,17.45,-0.0028571428571428914,2018-05-14,130.01,-0.002684872660325466,2018-05-14,147.86,0.0018972760536657418,2018-05-14,13.88,0.0,2018-05-14,1.62,-0.006134969325153228,2018-05-14,13.52,-0.0007390983000739038,2018-05-14,76.5,-0.0001307018690367423,2018-05-14,2.1,-0.004739336492890933,2018-05-14,12.34,-0.0024252223120452276,2018-05-14,81.63,-0.0017121193591781436,2018-05-14,8.7,-0.002293577981651529
63,2018-05-11,108.98,63,2018-05-11,82.02,-0.002068378148193273,2018-05-11,289.07,-0.008642271682842262,2018-05-11,84.75,-0.00865598315592464,2018-05-11,108.96,-0.011521364419849522,2018-05-11,17.15,-0.009815242494226384,2018-05-11,17.5,-0.010180995475113086,2018-05-11,130.36,-0.01062537947783837,2018-05-11,147.58,-0.012842809364548402,2018-05-11,13.88,-0.008571428571428563,2018-05-11,1.63,-0.012121212121212088,2018-05-11,13.53,-0.004415011037527616,2018-05-11,76.51,-0.005459508644222066,2018-05-11,2.11,-0.004716981132075526,2018-05-11,12.37,-0.004025764895330131,2018-05-11,81.77,-0.007525185095278664,2018-05-11,8.72,0.004608294930875667
64,2018-05-10,109.9,64,2018-05-10,82.19,-0.0018217148409036543,2018-05-10,291.59,0.012008468399680616,2018-05-10,85.49,0.013755484406498208,2018-05-10,110.23,0.0019087438647520383,2018-05-10,17.32,0.01942319011183069,2018-05-10,17.68,0.03816793893129766,2018-05-10,131.76,0.03977272727272729,2018-05-10,149.5,0.03417266187050361,2018-05-10,14.0,0.010830324909747224,2018-05-10,1.65,0.01851851851851838,2018-05-10,13.59,0.02334337349397586,2018-05-10,76.93,0.013436964826768705,2018-05-10,2.12,0.024154589371980784,2018-05-10,12.42,0.007299270072992581,2018-05-10,82.39,0.014530230267208566,2018-05-10,8.68,0.0011534025374855261
65,2018-05-09,108.71,65,2018-05-09,82.34,0.013789706968726945,2018-05-09,288.13,0.003063533507397631,2018-05-09,84.33,0.01345992068261026,2018-05-09,110.02,0.006495288628670659,2018-05-09,16.99,0.007113218731475746,2018-05-09,17.03,0.013087447947650377,2018-05-09,126.72,0.013273628658243997,2018-05-09,144.56,0.006685236768802394,2018-05-09,13.85,0.0021707670043413785,2018-05-09,1.62,0.012499999999999956,2018-05-09,13.28,0.016067329762815552,2018-05-09,75.91,0.014975264072736971,2018-05-09,2.07,0.004854368932038833,2018-05-09,12.33,0.02154101077050541,2018-05-09,81.21,0.007818317200297686,2018-05-09,8.67,0.014035087719298067
66,2018-05-08,108.41,66,2018-05-08,81.22,-0.014679121679000429,2018-05-08,287.25,-0.007326260496941628,2018-05-08,83.21,-0.011757719714964532,2018-05-08,109.31,-0.005730398399126702,2018-05-08,16.87,-0.010557184750733084,2018-05-08,16.81,-0.014076246334310927,2018-05-08,125.06,-0.0149653434152488,2018-05-08,143.6,-0.01203990368077057,2018-05-08,13.82,-0.007183908045977017,2018-05-08,1.6,-0.012345679012345734,2018-05-08,13.07,-0.019504876219054723,2018-05-08,74.79,-0.014234875444839812,2018-05-08,2.06,-0.009615384615384581,2018-05-08,12.07,-0.02425222312045261,2018-05-08,80.58,-0.009099852434825362,2018-05-08,8.55,-0.025085518814139007
67,2018-05-07,109.21,67,2018-05-07,82.43,-0.0029031087456150573,2018-05-07,289.37,-0.006147822503091205,2018-05-07,84.2,-0.018075801749271148,2018-05-07,109.94,0.0019137883896838126,2018-05-07,17.05,-0.01558891454965361,2018-05-07,17.05,-0.030699260943718,2018-05-07,126.96,-0.030543677458766183,2018-05-07,145.35,-0.0237103707684041,2018-05-07,13.92,-0.0042918454935623185,2018-05-07,1.62,-0.006134969325153228,2018-05-07,13.33,-0.024158125915080486,2018-05-07,75.87,-0.0006585879873550748,2018-05-07,2.08,-0.004784688995215225,2018-05-07,12.37,-0.026750590086546122,2018-05-07,81.32,-0.010705596107056126,2018-05-07,8.77,-0.015712682379349086
68,2018-05-02,109.74,68,2018-05-02,82.67,0.0032766990291261955,2018-05-02,291.16,0.0037231108659681045,2018-05-02,85.75,0.006337284356296324,2018-05-02,109.73,-0.0053480783176214075,2018-05-02,17.32,-0.0005770340450085287,2018-05-02,17.59,-0.007896221094190636,2018-05-02,130.96,-0.008629825889477583,2018-05-02,148.88,-0.01128967990436991,2018-05-02,13.98,0.003589375448671994,2018-05-02,1.63,-0.012121212121212088,2018-05-02,13.66,0.00073260073260073,2018-05-02,75.92,-0.013513513513513375,2018-05-02,2.09,-0.014150943396226578,2018-05-02,12.71,0.015987210231814597,2018-05-02,82.2,-0.0035155776457751475,2018-05-02,8.91,0.013651877133106005
69,2018-05-01,109.36,69,2018-05-01,82.4,-0.007826610475616946,2018-05-01,290.08,0.01700382147740398,2018-05-01,85.21,0.004124440254536843,2018-05-01,110.32,-0.003252620166245168,2018-05-01,17.33,0.011085180863477095,2018-05-01,17.73,-0.005050505050505083,2018-05-01,132.1,-0.0045964885841308645,2018-05-01,150.58,-0.005547483819838717,2018-05-01,13.93,0.016788321167883202,2018-05-01,1.65,0.012269938650306678,2018-05-01,13.65,-0.01015228426395931,2018-05-01,76.96,-0.012827090815803022,2018-05-01,2.12,0.024154589371980784,2018-05-01,12.51,-0.021126760563380254,2018-05-01,82.49,0.007203907203907178,2018-05-01,8.79,-0.021158129175946727
70,2018-04-27,107.53,70,2018-04-27,83.05,-0.00741006334408989,2018-04-27,285.23,0.00038580246913588745,2018-04-27,84.86,-0.0024685553073938715,2018-04-27,110.68,-0.002073753493823771,2018-04-27,17.14,0.0005837711617047159,2018-04-27,17.82,-0.001680672268907668,2018-04-27,132.71,-0.001805189921022743,2018-04-27,151.42,-0.007602569144055771,2018-04-27,13.7,0.0007304601899196239,2018-04-27,1.63,-0.0060975609756097615,2018-04-27,13.79,-0.0043321299638989785,2018-04-27,77.96,-0.008142493638676807,2018-04-27,2.07,0.0,2018-04-27,12.78,-0.0007818608287724071,2018-04-27,81.9,-0.0017064846416382506,2018-04-27,8.98,-0.0044345898004433115
71,2018-04-26,107.49,71,2018-04-26,83.67,0.004803650774588775,2018-04-26,285.12,0.002602152050073858,2018-04-26,85.07,-0.0029301453352086337,2018-04-26,110.91,0.0009024456276509607,2018-04-26,17.13,0.0029274004683841337,2018-04-26,17.85,0.002808988764045006,2018-04-26,132.95,0.0024127271356404467,2018-04-26,152.58,-0.004696673189823919,2018-04-26,13.69,0.002196193265007196,2018-04-26,1.64,0.006134969325153339,2018-04-26,13.85,0.0021707670043413785,2018-04-26,78.6,-0.00012721027859052825,2018-04-26,2.07,0.004854368932038833,2018-04-26,12.79,0.0031372549019608176,2018-04-26,82.04,0.0035474006116209544,2018-04-26,9.02,0.007821229050279266
72,2018-04-25,107.21,72,2018-04-25,83.27,-0.0010796545105566935,2018-04-25,284.38,0.0009503361374114672,2018-04-25,85.32,0.000938526513373894,2018-04-25,110.81,-0.006722839727500873,2018-04-25,17.08,-0.0005851375073142595,2018-04-25,17.8,-0.0005614823133069935,2018-04-25,132.63,7.540340823397607e-05,2018-04-25,153.3,-0.0021480179652411113,2018-04-25,13.66,0.0014662756598240456,2018-04-25,1.63,-0.0060975609756097615,2018-04-25,13.82,0.002175489485134241,2018-04-25,78.61,-0.003928028383172855,2018-04-25,2.06,0.0,2018-04-25,12.75,0.0015710919088767206,2018-04-25,81.75,-0.0004890573419734645,2018-04-25,8.95,0.00561797752808979
73,2018-04-24,107.11,73,2018-04-24,83.36,-0.002632208662359359,2018-04-24,284.11,-0.0037170810393800657,2018-04-24,85.24,-0.00046904315197005,2018-04-24,111.56,-0.0007165890361877647,2018-04-24,17.09,-0.0023350846468184194,2018-04-24,17.81,0.0005617977528089568,2018-04-24,132.62,0.0003017046311659666,2018-04-24,153.63,0.0022834029227556396,2018-04-24,13.64,-0.0036523009495981196,2018-04-24,1.64,-0.0060606060606061,2018-04-24,13.79,-0.002892263195950928,2018-04-24,78.92,-0.0016445287792535845,2018-04-24,2.06,-0.004830917874396046,2018-04-24,12.73,0.005529225908372792,2018-04-24,81.79,-0.0020741825280623516,2018-04-24,8.9,-0.001122334455667784
74,2018-04-23,107.51,74,2018-04-23,83.58,0.002639155470249399,2018-04-23,285.17,0.0009125688814011212,2018-04-23,85.28,-0.00011724703951232485,2018-04-23,111.64,0.0008965393580777636,2018-04-23,17.13,0.0011689070718876593,2018-04-23,17.8,0.0011248593925758943,2018-04-23,132.58,0.0016621335750981459,2018-04-23,153.28,0.001961040658909674,2018-04-23,13.69,0.0007309941520468044,2018-04-23,1.65,0.0,2018-04-23,13.83,0.0,2018-04-23,79.05,-0.0026495079485239215,2018-04-23,2.07,0.004854368932038833,2018-04-23,12.66,-0.008613938919342146,2018-04-23,81.96,0.0006104260774020265,2018-04-23,8.91,-0.002239641657334812
75,2018-04-20,107.41,75,2018-04-20,83.36,0.00264613904257871,2018-04-20,284.91,0.0029217121937483714,2018-04-20,85.29,0.003529827038475153,2018-04-20,111.54,-0.003751339764201389,2018-04-20,17.11,0.0035190615835776207,2018-04-20,17.78,0.0,2018-04-20,132.36,0.0,2018-04-20,152.98,0.007308882596957833,2018-04-20,13.68,0.0029325513196480912,2018-04-20,1.65,0.0,2018-04-20,13.83,0.0065502183406114245,2018-04-20,79.26,0.004435432771511927,2018-04-20,2.06,0.0,2018-04-20,12.77,-0.010077519379845024,2018-04-20,81.91,0.0015896307165566004,2018-04-20,8.93,0.003370786516853963
76,2018-04-19,107.1,76,2018-04-19,83.14,0.01168167437332679,2018-04-19,284.08,0.0031781905501799823,2018-04-19,84.99,0.011304140885292524,2018-04-19,111.96,0.002596937404853561,2018-04-19,17.05,0.006493506493506551,2018-04-19,17.78,0.006225240520656428,2018-04-19,132.36,0.0060808756460930535,2018-04-19,151.87,0.006161388631244158,2018-04-19,13.64,0.002941176470588225,2018-04-19,1.65,0.0060975609756097615,2018-04-19,13.74,0.002188183807439792,2018-04-19,78.91,0.010112647209421288,2018-04-19,2.06,0.004878048780487809,2018-04-19,12.9,0.009389671361502483,2018-04-19,81.78,0.004298170207540197,2018-04-19,8.9,0.007927519818799578
77,2018-04-18,106.76,77,2018-04-18,82.18,0.00012169891687974221,2018-04-18,283.18,-0.001234437272951583,2018-04-18,84.04,0.004182100609391837,2018-04-18,111.67,0.0024236983842009785,2018-04-18,16.94,-0.0005899705014748013,2018-04-18,17.67,0.0034071550255538874,2018-04-18,131.56,0.003049710277523765,2018-04-18,150.94,0.0019915029208710244,2018-04-18,13.6,-0.001468428781204123,2018-04-18,1.64,-0.0060606060606061,2018-04-18,13.71,0.00439560439560438,2018-04-18,78.12,0.002824133504492954,2018-04-18,2.05,0.0,2018-04-18,12.78,0.003927729772191579,2018-04-18,81.43,0.0013526807673389651,2018-04-18,8.83,-0.006749156355455588
78,2018-04-17,106.89,78,2018-04-17,82.17,-0.0018221574344022828,2018-04-17,283.53,-0.003059071729957785,2018-04-17,83.69,-0.003334524234845815,2018-04-17,111.4,-8.975854950177276e-05,2018-04-17,16.95,-0.003527336860670305,2018-04-17,17.61,-0.0011344299489506326,2018-04-17,131.16,-0.0008379675478022985,2018-04-17,150.64,0.0029962048072440517,2018-04-17,13.62,-0.002928257686676483,2018-04-17,1.65,0.0,2018-04-17,13.65,-0.002192982456140302,2018-04-17,77.9,0.0006422607578677741,2018-04-17,2.05,-0.004854368932038944,2018-04-17,12.73,0.0007861635220125507,2018-04-17,81.32,-0.0011055152929615453,2018-04-17,8.89,-0.0078125
79,2018-04-16,107.22,79,2018-04-16,82.32,-0.001213297743266284,2018-04-16,284.4,0.0033515611218910557,2018-04-16,83.97,0.0029861442904921542,2018-04-16,111.41,0.001438202247191045,2018-04-16,17.01,0.0011771630370809305,2018-04-16,17.63,0.0005675368898976352,2018-04-16,131.27,0.0,2018-04-16,150.19,-0.002921064860917477,2018-04-16,13.66,0.0036737692872887973,2018-04-16,1.65,0.0,2018-04-16,13.68,0.0014641288433381305,2018-04-16,77.85,-0.003966223132036872,2018-04-16,2.06,0.004878048780487809,2018-04-16,12.72,-0.0007855459544383603,2018-04-16,81.41,0.00012285012285007113,2018-04-16,8.96,-0.004444444444444362
80,2018-04-13,106.86,80,2018-04-13,82.42,0.006472096715105735,2018-04-13,283.45,0.0031852769421341076,2018-04-13,83.72,0.006129071025117172,2018-04-13,111.25,0.0006296096420219666,2018-04-13,16.99,0.0005889281507653887,2018-04-13,17.62,0.0039886039886039,2018-04-13,131.27,0.004053847330579785,2018-04-13,150.63,0.004400880176035127,2018-04-13,13.61,0.0029476787030213725,2018-04-13,1.65,0.0060975609756097615,2018-04-13,13.66,0.004411764705882337,2018-04-13,78.16,0.01099469667572106,2018-04-13,2.05,0.0,2018-04-13,12.73,0.0031520882584712417,2018-04-13,81.4,0.001476377952756014,2018-04-13,9.0,-0.0022172949002217113
81,2018-04-12,106.52,81,2018-04-12,81.89,0.009243283214197762,2018-04-12,282.55,0.006339708658332555,2018-04-12,83.21,0.01463236190708428,2018-04-12,111.18,0.0031579897139764057,2018-04-12,16.98,0.00652045050385297,2018-04-12,17.55,0.004004576659038861,2018-04-12,130.74,0.004147465437788211,2018-04-12,149.97,0.00847286665321767,2018-04-12,13.57,0.005930318754633124,2018-04-12,1.64,0.006134969325153339,2018-04-12,13.6,0.013412816691505292,2018-04-12,77.31,0.013502884111169289,2018-04-12,2.05,0.009852216748768461,2018-04-12,12.69,0.0071428571428571175,2018-04-12,81.28,0.007561671005330339,2018-04-12,9.02,0.010078387458006599
82,2018-04-11,105.85,82,2018-04-11,81.14,-0.007825874296894075,2018-04-11,280.77,-0.004432309765264875,2018-04-11,82.01,-0.00569835111542194,2018-04-11,110.83,-0.004759339080459779,2018-04-11,16.87,-0.00764705882352934,2018-04-11,17.48,-0.005122367672168449,2018-04-11,130.2,-0.00572737686139746,2018-04-11,148.71,-0.003885055931408532,2018-04-11,13.49,-0.0044280442804428555,2018-04-11,1.63,0.0,2018-04-11,13.42,-0.008130081300812941,2018-04-11,76.28,-0.008062418725617748,2018-04-11,2.03,-0.004901960784313819,2018-04-11,12.6,-0.009433962264151052,2018-04-11,80.67,-0.006404729646508178,2018-04-11,8.93,-0.007777777777777772
83,2018-04-10,106.32,83,2018-04-10,81.78,-0.009927360774818372,2018-04-10,282.02,-0.027684881916910986,2018-04-10,82.48,-0.02861853727476138,2018-04-10,111.36,0.00741812918400564,2018-04-10,17.0,-0.01677270098322725,2018-04-10,17.57,-0.011254924029262758,2018-04-10,130.95,-0.010578012844729923,2018-04-10,149.29,-0.018797239566217594,2018-04-10,13.55,-0.027977044476326984,2018-04-10,1.63,-0.0060975609756097615,2018-04-10,13.53,-0.011687363038714427,2018-04-10,76.9,-0.004015023960626696,2018-04-10,2.04,-0.02857142857142858,2018-04-10,12.72,0.007923930269413848,2018-04-10,81.19,-0.013726919339164145,2018-04-10,9.0,0.01925254813137034
84,2018-04-09,109.35,84,2018-04-09,82.6,-0.0031378228336954583,2018-04-09,290.05,-0.00020681810347800145,2018-04-09,84.91,-0.0035207135312755877,2018-04-09,110.54,-0.006471328419917266,2018-04-09,17.29,-0.0011554015020219799,2018-04-09,17.77,-0.00559597090095143,2018-04-09,132.35,-0.0057095635188942895,2018-04-09,152.15,-0.0023605009507572383,2018-04-09,13.94,0.0,2018-04-09,1.64,0.0,2018-04-09,13.69,-0.003639010189228631,2018-04-09,77.21,-0.002067985007108808,2018-04-09,2.1,0.004784688995215447,2018-04-09,12.62,-0.012519561815336422,2018-04-09,82.32,-0.0010921004732435957,2018-04-09,8.83,0.004550625711035483
85,2018-04-06,109.37,85,2018-04-06,82.86,0.0015713767677987267,2018-04-06,290.11,0.004431672610186066,2018-04-06,85.21,0.0037695841677463093,2018-04-06,111.26,0.0013500135001349722,2018-04-06,17.31,0.0011567379988433046,2018-04-06,17.87,-0.0005592841163309936,2018-04-06,133.11,-0.00030041306796835254,2018-04-06,152.51,0.0013788575180564422,2018-04-06,13.94,0.005046863734679219,2018-04-06,1.64,0.0,2018-04-06,13.74,-0.0036258158085568093,2018-04-06,77.37,-0.0007748934521503159,2018-04-06,2.09,0.004807692307692291,2018-04-06,12.78,-0.0015625000000001332,2018-04-06,82.41,0.0009716992590793616,2018-04-06,8.79,-0.0045300113250283935
86,2018-04-05,108.89,86,2018-04-05,82.73,0.0007257771864037643,2018-04-05,288.83,0.0011091469966377776,2018-04-05,84.89,0.0029536862003780584,2018-04-05,111.11,-0.0005397139516056804,2018-04-05,17.29,0.0034822983168891763,2018-04-05,17.88,0.0033670033670032407,2018-04-05,133.15,0.0032399035563592804,2018-04-05,152.3,0.004948861761794765,2018-04-05,13.87,0.0,2018-04-05,1.64,0.0,2018-04-05,13.79,0.0007256894049347817,2018-04-05,77.43,-0.0028332260141661347,2018-04-05,2.08,0.004830917874396157,2018-04-05,12.8,0.002349256068911565,2018-04-05,82.33,0.0035348610433934002,2018-04-05,8.83,0.0011337868480725266
87,2018-04-04,108.77,87,2018-04-04,82.67,0.0003630203291384859,2018-04-04,288.51,0.008529380920753615,2018-04-04,84.64,0.002249851983422202,2018-04-04,111.17,0.005972310198172126,2018-04-04,17.23,0.0034944670937682165,2018-04-04,17.82,0.0033783783783782884,2018-04-04,132.72,0.003477997882957773,2018-04-04,151.55,0.003177335010260185,2018-04-04,13.87,0.009461426491994107,2018-04-04,1.64,0.006134969325153339,2018-04-04,13.78,0.0014534883720929148,2018-04-04,77.65,-0.00012876641771819575,2018-04-04,2.07,0.0,2018-04-04,12.77,0.0007836990595611049,2018-04-04,82.04,0.0015871078012454909,2018-04-04,8.82,-0.011210762331838486
88,2018-04-03,107.82,88,2018-04-03,82.64,-0.005176357289033207,2018-04-03,286.07,0.008780591014881267,2018-04-03,84.45,-0.007288115669448536,2018-04-03,110.51,-0.010121820136151927,2018-04-03,17.17,0.006447831184056341,2018-04-03,17.76,-0.0005627462014630158,2018-04-03,132.26,-0.00015119443604483251,2018-04-03,151.07,-0.0045466526093832504,2018-04-03,13.74,0.008810572687224738,2018-04-03,1.63,-0.0060975609756097615,2018-04-03,13.76,-0.00217548948513413,2018-04-03,77.66,-0.014341921563650328,2018-04-03,2.07,0.004854368932038833,2018-04-03,12.76,-0.007003891050583633,2018-04-03,81.91,0.002079765108881748,2018-04-03,8.92,-0.003351955307262511
89,2018-04-02,106.91,89,2018-04-02,83.07,0.02656945130993571,2018-04-02,283.58,0.018752694352636823,2018-04-02,85.07,0.046757721176325706,2018-04-02,111.64,0.006219017575484376,2018-04-02,17.06,0.02895054282267795,2018-04-02,17.77,0.02243958573072491,2018-04-02,132.28,0.021546065333230224,2018-04-02,151.76,0.023952499831320306,2018-04-02,13.62,0.018698578908002972,2018-04-02,1.64,0.01863354037267073,2018-04-02,13.79,0.015463917525773141,2018-04-02,78.79,0.03889767932489452,2018-04-02,2.06,0.024875621890547484,2018-04-02,12.85,0.007843137254901933,2018-04-02,81.74,0.024567560792178478,2018-04-02,8.95,0.011299435028248483
90,2018-03-30,104.94,90,2018-03-30,80.92,-0.013291062065601822,2018-03-30,278.36,-0.007062852250838136,2018-03-30,81.27,-0.008418740849194695,2018-03-30,110.95,-0.005378753922008039,2018-03-30,16.58,-0.010149253731343344,2018-03-30,17.38,-0.009122006841505104,2018-03-30,129.49,-0.009030381878013194,2018-03-30,148.21,-0.009953239812959147,2018-03-30,13.37,-0.006686478454680622,2018-03-30,1.61,-0.006172839506172867,2018-03-30,13.58,-0.013798111837327487,2018-03-30,75.84,-0.007329842931937169,2018-03-30,2.01,-0.009852216748768461,2018-03-30,12.75,-0.0139211136890951,2018-03-30,79.78,-0.009559279950341337,2018-03-30,8.85,-0.007847533632287074
91,2018-03-29,105.66,91,2018-03-29,82.01,0.0017100280933186607,2018-03-29,280.34,-0.004509783033273096,2018-03-29,81.96,0.009732659849698067,2018-03-29,111.55,-0.0007166532294186068,2018-03-29,16.75,-0.0029761904761904656,2018-03-29,17.54,-0.002842524161455362,2018-03-29,130.67,-0.0025952217387985588,2018-03-29,149.7,0.005102725929904572,2018-03-29,13.46,-0.005173688100517215,2018-03-29,1.62,-0.006134969325153228,2018-03-29,13.77,0.0021834061135370675,2018-03-29,76.4,-0.005984907624251856,2018-03-29,2.03,-0.004901960784313819,2018-03-29,12.93,-0.005384615384615432,2018-03-29,80.55,-0.0016113039167080512,2018-03-29,8.92,0.010192525481313774
92,2018-03-28,106.14,92,2018-03-28,81.87,0.0008557457212714503,2018-03-28,281.61,0.001956877535046031,2018-03-28,81.17,0.003709657474959771,2018-03-28,111.63,0.0045896328293735245,2018-03-28,16.8,0.004184100418409997,2018-03-28,17.59,0.0074455899198166975,2018-03-28,131.01,0.00730432108257717,2018-03-28,148.94,0.008258868128892427,2018-03-28,13.53,0.001480384900073961,2018-03-28,1.63,0.0,2018-03-28,13.74,0.001457725947521915,2018-03-28,76.86,0.004705882352941115,2018-03-28,2.04,0.0,2018-03-28,13.0,0.006971340046475483,2018-03-28,80.68,0.0034825870646766344,2018-03-28,8.83,-0.002259887005649719
93,2018-03-27,105.96,93,2018-03-27,81.8,-0.011599806669888912,2018-03-27,281.06,-0.0037572664114561283,2018-03-27,80.87,-0.0065110565110565455,2018-03-27,111.12,-0.005548594952568431,2018-03-27,16.73,-0.004166666666666652,2018-03-27,17.46,-0.00626067159931698,2018-03-27,130.06,-0.005961479669825742,2018-03-27,147.72,-0.0025658338960161675,2018-03-27,13.51,-0.0036873156342183133,2018-03-27,1.63,-0.0060975609756097615,2018-03-27,13.72,-0.004354136429608024,2018-03-27,76.5,-0.0090673575129534,2018-03-27,2.04,0.0,2018-03-27,12.91,-0.006158583525789019,2018-03-27,80.4,-0.0051967334818112665,2018-03-27,8.85,-0.011173184357541888
94,2018-03-26,106.33,94,2018-03-26,82.76,-0.009455415918611543,2018-03-26,282.12,0.00302200732392377,2018-03-26,81.4,-0.005376344086021501,2018-03-26,111.74,-0.0051638176638176825,2018-03-26,16.8,-0.0017825311942957223,2018-03-26,17.57,-0.002837684449489286,2018-03-26,130.84,-0.002895900015241537,2018-03-26,148.1,-0.0004724303165282162,2018-03-26,13.56,0.002958579881656931,2018-03-26,1.64,0.0,2018-03-26,13.78,0.0036416605972322547,2018-03-26,77.2,-0.0052828243783017426,2018-03-26,2.04,0.0,2018-03-26,12.99,0.0015420200462605838,2018-03-26,80.82,-0.0023453894580917067,2018-03-26,8.95,-0.0077605321507761005
95,2018-03-23,106.04,95,2018-03-23,83.55,-0.004408960915157301,2018-03-23,281.27,-0.00646414694454267,2018-03-23,81.84,-0.006193078324225776,2018-03-23,112.32,-0.0062815181810139675,2018-03-23,16.83,-0.002962085308056861,2018-03-23,17.62,-0.007323943661971755,2018-03-23,131.22,-0.007337922687041365,2018-03-23,148.17,-0.006437336552001627,2018-03-23,13.52,-0.006612784717119791,2018-03-23,1.64,-0.0060606060606061,2018-03-23,13.73,-0.0036284470246733536,2018-03-23,77.61,-0.007925348331842108,2018-03-23,2.04,-0.004878048780487698,2018-03-23,12.97,-0.0015396458814472824,2018-03-23,81.01,-0.004179471419790914,2018-03-23,9.02,-0.0022123893805309214
96,2018-03-22,106.7,96,2018-03-22,83.92,0.0016710432084030558,2018-03-22,283.1,0.0033670033670034627,2018-03-22,82.35,-0.005795001810938061,2018-03-22,113.03,0.006052514463729564,2018-03-22,16.88,0.002375296912114022,2018-03-22,17.75,0.007377979568671922,2018-03-22,132.19,0.00739216582837976,2018-03-22,149.13,0.008248259076465425,2018-03-22,13.61,0.0029476787030213725,2018-03-22,1.65,0.0060975609756097615,2018-03-22,13.78,0.0036416605972322547,2018-03-22,78.23,0.007339685809940821,2018-03-22,2.05,0.0,2018-03-22,12.99,0.006196746707978207,2018-03-22,81.35,0.0037014188772361845,2018-03-22,9.04,0.004444444444444251
97,2018-03-20,106.37,97,2018-03-20,83.78,0.007819078551666081,2018-03-20,282.15,-0.0037428056918894503,2018-03-20,82.83,0.0009667673716011738,2018-03-20,112.35,0.002498438475952547,2018-03-20,16.84,0.0005941770647654998,2018-03-20,17.62,-0.0011337868480725266,2018-03-20,131.22,-0.0012938579800593208,2018-03-20,147.91,0.0038004750593825243,2018-03-20,13.57,-0.0029390154298309934,2018-03-20,1.64,0.0,2018-03-20,13.73,0.008817046289493202,2018-03-20,77.66,0.0021938314621241517,2018-03-20,2.05,0.0,2018-03-20,12.91,0.0,2018-03-20,81.05,0.0011116600790515019,2018-03-20,9.0,0.0033444816053511683
98,2018-03-19,106.74,98,2018-03-19,83.13,0.00012030798845041879,2018-03-19,283.21,0.005681616419871416,2018-03-19,82.75,0.006935994159162684,2018-03-19,112.07,-0.0033792796798578495,2018-03-19,16.83,0.002382370458606342,2018-03-19,17.64,-0.001697792869269965,2018-03-19,131.39,-0.0021265284423179764,2018-03-19,147.35,-0.00155847675836851,2018-03-19,13.61,0.0044280442804427445,2018-03-19,1.64,0.0,2018-03-19,13.61,0.0022091310751104487,2018-03-19,77.49,0.00245795601552401,2018-03-19,2.05,0.004901960784313708,2018-03-19,12.91,0.0015515903801395226,2018-03-19,80.96,0.0023523585489662047,2018-03-19,8.97,0.0011160714285713969
99,2018-03-16,106.14,99,2018-03-16,83.12,0.011069212991120514,2018-03-16,281.61,0.004996252810392399,2018-03-16,82.18,0.007354743809757425,2018-03-16,112.45,-0.001775410563692903,2018-03-16,16.79,0.005389221556886259,2018-03-16,17.67,0.003977272727272663,2018-03-16,131.67,0.0041180507892930596,2018-03-16,147.58,0.00551883899979555,2018-03-16,13.55,0.004447739065974732,2018-03-16,1.64,0.006134969325153339,2018-03-16,13.58,0.0007369196757553986,2018-03-16,77.3,0.0049401976079042065,2018-03-16,2.04,0.0049261083743843415,2018-03-16,12.89,0.002332814930015692,2018-03-16,80.77,0.0077354959451028105,2018-03-16,8.96,0.0056116722783390305
100,2018-03-15,105.64,100,2018-03-15,82.21,-0.004480503753935605,2018-03-15,280.21,-0.006277040924888455,2018-03-15,81.58,-0.0037855660031750338,2018-03-15,112.65,-0.00433091744741021,2018-03-15,16.7,-0.005360333531864159,2018-03-15,17.6,-0.0011350737797957144,2018-03-15,131.13,-0.0006097096257907664,2018-03-15,146.77,-0.003259762308998271,2018-03-15,13.49,-0.005895357406042745,2018-03-15,1.63,-0.0060975609756097615,2018-03-15,13.57,-0.0029390154298309934,2018-03-15,76.92,0.0011714174150723178,2018-03-15,2.03,-0.004901960784313819,2018-03-15,12.86,-0.0015527950310559868,2018-03-15,80.15,-0.006815365551425034,2018-03-15,8.91,-0.008898776418242549
101,2018-03-14,106.28,101,2018-03-14,82.58,0.007195999512135565,2018-03-14,281.98,0.006819723640518527,2018-03-14,81.89,-0.0002441704309608106,2018-03-14,113.14,0.0035479865176513137,2018-03-14,16.79,0.00659472422062346,2018-03-14,17.62,0.008009153318077944,2018-03-14,131.21,0.008221914860919277,2018-03-14,147.25,0.010985238585650592,2018-03-14,13.57,0.00667655786350152,2018-03-14,1.64,0.012345679012345512,2018-03-14,13.61,0.0036873156342183133,2018-03-14,76.83,0.006023307581511039,2018-03-14,2.04,0.0,2018-03-14,12.88,0.0070367474589523304,2018-03-14,80.7,0.007742257742257896,2018-03-14,8.99,0.016968325791855143
102,2018-03-13,105.56,102,2018-03-13,81.99,-0.007505144655610807,2018-03-13,280.07,-0.006773530037591402,2018-03-13,81.91,-0.011822897816383238,2018-03-13,112.74,-0.0008862105636300299,2018-03-13,16.68,-0.004179104477611939,2018-03-13,17.48,-0.0017133066818961762,2018-03-13,130.14,-0.0020703933747412417,2018-03-13,145.65,-0.005462615227039835,2018-03-13,13.48,-0.007363770250368162,2018-03-13,1.62,-0.006134969325153228,2018-03-13,13.56,0.0,2018-03-13,76.37,-0.011647469910702646,2018-03-13,2.04,-0.004878048780487698,2018-03-13,12.79,-0.007757951900698279,2018-03-13,80.08,-0.004722843649018094,2018-03-13,8.84,-0.01449275362318847
103,2018-03-12,106.28,103,2018-03-12,82.61,0.011633602743081006,2018-03-12,281.98,0.00035476089115937803,2018-03-12,82.89,0.005824535857299029,2018-03-12,112.84,0.014565725588922884,2018-03-12,16.75,-0.010047281323877222,2018-03-12,17.51,-0.0011409013120364797,2018-03-12,130.41,-0.0013018839025885631,2018-03-12,146.45,-0.01625579364546259,2018-03-12,13.58,0.002954209748892156,2018-03-12,1.63,0.0,2018-03-12,13.56,0.0,2018-03-12,77.27,0.006250813908060815,2018-03-12,2.05,0.004901960784313708,2018-03-12,12.89,0.014162077104642012,2018-03-12,80.46,-0.006789285273423151,2018-03-12,8.97,-0.0033333333333332993
104,2018-03-09,106.27,104,2018-03-09,81.66,-0.0015894363614135099,2018-03-09,281.88,-0.005363443895553877,2018-03-09,82.41,-0.002783155856728059,2018-03-09,111.22,-0.0036728478007703735,2018-03-09,16.92,-0.0041200706297820355,2018-03-09,17.53,-0.006235827664399007,2018-03-09,130.58,-0.006694051422485914,2018-03-09,148.87,-0.008986819331646911,2018-03-09,13.54,-0.005143277002204294,2018-03-09,1.63,-0.0060975609756097615,2018-03-09,13.56,-0.0014727540500736325,2018-03-09,76.79,-0.0023385734701830696,2018-03-09,2.04,0.0,2018-03-09,12.71,-0.00547730829420956,2018-03-09,81.01,-0.004546571639223229,2018-03-09,9.0,-0.00990099009900991
105,2018-03-08,106.84,105,2018-03-08,81.79,0.00739007266904812,2018-03-08,283.4,0.012359791383868002,2018-03-08,82.64,0.00854283622162555,2018-03-08,111.63,0.002154591974144804,2018-03-08,16.99,0.008308605341246222,2018-03-08,17.64,0.003984063745019917,2018-03-08,131.46,0.004047964561215922,2018-03-08,150.22,0.004480106987629462,2018-03-08,13.61,0.012648809523809534,2018-03-08,1.64,0.006134969325153339,2018-03-08,13.58,-0.006583760058522348,2018-03-08,76.97,0.00325860271115741,2018-03-08,2.04,0.014925373134328401,2018-03-08,12.78,-0.0031201248049922414,2018-03-08,81.38,0.010178748758689071,2018-03-08,9.09,0.0022050716648289725
106,2018-03-07,105.51,106,2018-03-07,81.19,-0.007699828892691274,2018-03-07,279.94,-0.00131996717919447,2018-03-07,81.94,-0.003405497445876926,2018-03-07,111.39,-0.0032214765100671006,2018-03-07,16.85,-0.002958579881656598,2018-03-07,17.57,-0.005096262740656887,2018-03-07,130.93,-0.00448600973236013,2018-03-07,149.55,-0.005254755886656803,2018-03-07,13.44,-0.0014858841010402246,2018-03-07,1.63,0.0,2018-03-07,13.67,-0.006540697674418561,2018-03-07,76.72,-0.004282933160285496,2018-03-07,2.01,-0.004950495049505066,2018-03-07,12.82,-0.006201550387596955,2018-03-07,80.56,-0.0021057847144804187,2018-03-07,9.07,0.0
107,2018-03-06,105.65,107,2018-03-06,81.82,0.009500308451573014,2018-03-06,280.31,0.006824467511942656,2018-03-06,82.22,0.00772153450177715,2018-03-06,111.75,0.008119079837618504,2018-03-06,16.9,0.01623571858087791,2018-03-06,17.66,0.013777267508610747,2018-03-06,131.52,0.013485397241272956,2018-03-06,150.34,0.01157313955053163,2018-03-06,13.46,0.006731488406881203,2018-03-06,1.63,0.006172839506172645,2018-03-06,13.76,0.015498154981549828,2018-03-06,77.05,0.011818778726198076,2018-03-06,2.02,0.004975124378109541,2018-03-06,12.9,0.012558869701726927,2018-03-06,80.73,0.009756097560975618,2018-03-06,9.07,0.010022271714922093
108,2018-03-05,104.96,108,2018-03-05,81.05,-0.03592244558106339,2018-03-05,278.41,-0.01906137692903942,2018-03-05,81.59,-0.022757216433105687,2018-03-05,110.85,-0.015016882886085048,2018-03-05,16.63,-0.017139479905437516,2018-03-05,17.42,-0.014705882352941013,2018-03-05,129.77,-0.014355157223150394,2018-03-05,148.62,0.002495784148397906,2018-03-05,13.37,-0.02051282051282055,2018-03-05,1.62,-0.012195121951219412,2018-03-05,13.55,-0.014545454545454528,2018-03-05,76.15,-0.02459331369283957,2018-03-05,2.01,-0.019512195121951237,2018-03-05,12.74,-0.018489984591679498,2018-03-05,79.95,-0.016967908520840957,2018-03-05,8.98,-0.007734806629834279
109,2018-03-02,106.97,109,2018-03-02,84.07,0.017796610169491522,2018-03-02,283.82,0.0020831126646188025,2018-03-02,83.49,0.004451395572665939,2018-03-02,112.54,-0.0031886625332152585,2018-03-02,16.92,0.004154302670623222,2018-03-02,17.68,0.01202060675443617,2018-03-02,131.66,0.011990776325903063,2018-03-02,148.25,0.009946181620001493,2018-03-02,13.65,0.0007331378299120228,2018-03-02,1.64,0.0,2018-03-02,13.75,0.01927353595255754,2018-03-02,78.07,0.015610771432288173,2018-03-02,2.05,0.0,2018-03-02,12.98,0.009331259720062324,2018-03-02,81.33,0.010687212625823284,2018-03-02,9.05,-0.001103752759381904
110,2018-03-01,106.75,110,2018-03-01,82.6,-0.026287869857361867,2018-03-01,283.23,-0.007255520504731883,2018-03-01,83.12,-0.022117647058823464,2018-03-01,112.9,-0.017491950221912744,2018-03-01,16.85,-0.007656065959952829,2018-03-01,17.47,-0.019090398652442442,2018-03-01,130.1,-0.01907562391615769,2018-03-01,146.79,-0.02497509133178355,2018-03-01,13.64,-0.00727802037845704,2018-03-01,1.64,-0.012048192771084376,2018-03-01,13.49,-0.01604668125455877,2018-03-01,76.87,-0.02671562420866036,2018-03-01,2.05,-0.004854368932038944,2018-03-01,12.86,-0.031626506024096335,2018-03-01,80.47,-0.013243408951563396,2018-03-01,9.06,-0.01199563794983638
111,2018-02-28,107.53,111,2018-02-28,84.83,0.0026001654650751327,2018-02-28,285.3,0.006846414455110139,2018-02-28,85.0,-0.0003528166529460641,2018-02-28,114.91,-0.0002610057421262857,2018-02-28,16.98,0.001769911504424737,2018-02-28,17.81,0.0005617977528089568,2018-02-28,132.63,0.0009055920307901033,2018-02-28,150.55,0.007360321177651619,2018-02-28,13.74,0.00659340659340657,2018-02-28,1.66,0.0,2018-02-28,13.71,-0.0007288629737609575,2018-02-28,78.98,0.00406814136791267,2018-02-28,2.06,0.009803921568627416,2018-02-28,13.28,-0.005988023952095856,2018-02-28,81.55,0.0028283325135267656,2018-02-28,9.17,0.0010917030567685337
112,2018-02-27,106.8,112,2018-02-27,84.61,0.004153809636838313,2018-02-27,283.36,0.00460894845068438,2018-02-27,85.03,0.002239509665252104,2018-02-27,114.94,0.0027918338858836655,2018-02-27,16.95,0.004146919431279539,2018-02-27,17.8,0.0033821871476888976,2018-02-27,132.51,0.003331566593473223,2018-02-27,149.45,0.0010717395672852348,2018-02-27,13.65,0.004415011037527616,2018-02-27,1.66,0.0,2018-02-27,13.72,0.0007293946024800047,2018-02-27,78.66,-0.00038124285169649497,2018-02-27,2.04,0.0,2018-02-27,13.36,-0.0007479431563200967,2018-02-27,81.32,0.0027127003699136676,2018-02-27,9.16,0.0010928961748633004
113,2018-02-26,106.31,113,2018-02-26,84.26,-0.0018952854773749417,2018-02-26,282.06,0.0001772986773518337,2018-02-26,84.84,-0.0034065546810758685,2018-02-26,114.62,-0.005293760305476014,2018-02-26,16.88,-0.002953337271116352,2018-02-26,17.74,-0.005605381165919354,2018-02-26,132.07,-0.0060957254665864324,2018-02-26,149.29,-0.004135814822226691,2018-02-26,13.59,0.0,2018-02-26,1.66,-0.005988023952095856,2018-02-26,13.71,0.0014609203798394699,2018-02-26,78.69,0.0011450381679389832,2018-02-26,2.04,0.0049261083743843415,2018-02-26,13.37,-0.002982848620432632,2018-02-26,81.1,-0.0014774686037922757,2018-02-26,9.15,-0.0010917030567685337
114,2018-02-23,106.29,114,2018-02-23,84.42,-0.0021276595744680327,2018-02-23,282.01,-0.0049749488391787056,2018-02-23,85.13,-0.003744880046811061,2018-02-23,115.23,0.0018257694314032236,2018-02-23,16.93,-0.0005903187721369996,2018-02-23,17.84,-0.0011198208286673506,2018-02-23,132.88,-0.0008271298593880427,2018-02-23,149.91,0.0020052135552435235,2018-02-23,13.59,-0.00439560439560438,2018-02-23,1.67,0.0,2018-02-23,13.69,-0.0014587892049600093,2018-02-23,78.6,-0.002031488065007747,2018-02-23,2.03,-0.009756097560975618,2018-02-23,13.41,-0.0014892032762471308,2018-02-23,81.22,-0.00012310722639430338,2018-02-23,9.16,0.003285870755750153
115,2018-02-22,106.82,115,2018-02-22,84.6,-0.0030638699033702643,2018-02-22,283.42,-0.009644279823887048,2018-02-22,85.45,-0.003033485007583603,2018-02-22,115.02,-0.002601456815816805,2018-02-22,16.94,-0.006451612903225823,2018-02-22,17.86,-0.0011185682326622093,2018-02-22,132.99,-0.0018013960819633912,2018-02-22,149.61,-0.0014016820184219458,2018-02-22,13.65,-0.01015228426395931,2018-02-22,1.67,-0.005952380952380931,2018-02-22,13.71,0.0,2018-02-22,78.76,0.0029288170126067214,2018-02-22,2.05,-0.014423076923077094,2018-02-22,13.43,-0.0007440476190475609,2018-02-22,81.23,-0.00526573597844715,2018-02-22,9.13,0.011074197120708895
116,2018-02-21,107.86,116,2018-02-21,84.86,-0.005973995548787636,2018-02-21,286.18,-0.0076288230806573765,2018-02-21,85.71,-0.007181744468898521,2018-02-21,115.32,-0.003973052340646155,2018-02-21,17.05,-0.0064102564102563875,2018-02-21,17.88,-0.002788622420524356,2018-02-21,133.23,-0.002246686137946652,2018-02-21,149.82,-0.0042536222251762235,2018-02-21,13.79,-0.00791366906474833,2018-02-21,1.68,-0.00591715976331364,2018-02-21,13.71,-0.0014566642388929019,2018-02-21,78.53,-0.0032999111562381778,2018-02-21,2.08,-0.004784688995215225,2018-02-21,13.44,-0.0022271714922049712,2018-02-21,81.66,-0.004753199268738628,2018-02-21,9.03,-0.007692307692307776
117,2018-02-20,108.69,117,2018-02-20,85.37,-0.0017539756782037896,2018-02-20,288.38,-0.006750706068746948,2018-02-20,86.33,-0.008385021824029448,2018-02-20,115.78,-0.002154615185727793,2018-02-20,17.16,-0.01038062283737018,2018-02-20,17.93,-0.0060975609756097615,2018-02-20,133.53,-0.00521492959845038,2018-02-20,150.46,-0.009414708012377204,2018-02-20,13.9,-0.0071428571428571175,2018-02-20,1.69,-0.00588235294117645,2018-02-20,13.73,-0.007947976878612706,2018-02-20,78.79,-0.00164723770907238,2018-02-20,2.09,-0.02336448598130858,2018-02-20,13.47,-0.005904059040590437,2018-02-20,82.05,-0.0065383218307302204,2018-02-20,9.1,0.0011001100110010764
118,2018-02-19,109.43,118,2018-02-19,85.52,-0.010872079574369642,2018-02-19,290.34,-0.0001033164583119639,2018-02-19,87.06,-0.005255941499085814,2018-02-19,116.03,-0.00846009229191591,2018-02-19,17.34,-0.0068728522336770626,2018-02-19,18.04,-0.009879253567508184,2018-02-19,134.23,-0.010249225777908988,2018-02-19,151.89,-0.006085590891244608,2018-02-19,14.0,0.0,2018-02-19,1.7,-0.005847953216374324,2018-02-19,13.84,-0.012838801711840153,2018-02-19,78.92,-0.016818238445247213,2018-02-19,2.14,0.0046948356807512415,2018-02-19,13.55,-0.01669085631349776,2018-02-19,82.59,-0.0051794748253432,2018-02-19,9.09,-0.009803921568627416
119,2018-02-16,109.44,119,2018-02-16,86.46,0.006988120195667191,2018-02-16,290.37,0.0033170933969108862,2018-02-16,87.52,0.005861395241926193,2018-02-16,117.02,0.0006841115101761108,2018-02-16,17.46,0.011001737116386856,2018-02-16,18.22,0.0038567493112948714,2018-02-16,135.62,0.004220659015179429,2018-02-16,152.82,0.00275590551181093,2018-02-16,14.0,0.0035842293906811484,2018-02-16,1.71,0.00588235294117645,2018-02-16,14.02,0.0057388809182210565,2018-02-16,80.27,0.011084519460889286,2018-02-16,2.13,0.004716981132075304,2018-02-16,13.78,0.006574141709276837,2018-02-16,83.02,0.0061810689613379655,2018-02-16,9.18,0.020000000000000018
120,2018-02-15,109.08,120,2018-02-15,85.86,-0.013556985294117752,2018-02-15,289.41,-0.007476250900236514,2018-02-15,87.01,-0.016169154228855676,2018-02-15,116.94,-0.009234940269423064,2018-02-15,17.27,-0.008041355542791506,2018-02-15,18.15,-0.012513601741022895,2018-02-15,135.05,-0.013008843089965638,2018-02-15,152.4,-0.017851388799381196,2018-02-15,13.95,-0.007117437722420017,2018-02-15,1.7,-0.011627906976744207,2018-02-15,13.94,-0.016925246826516194,2018-02-15,79.39,-0.009976306272602486,2018-02-15,2.12,-0.004694835680751019,2018-02-15,13.69,-0.01439884809215275,2018-02-15,82.51,-0.0090079269757386,2018-02-15,9.0,-0.013157894736842035
121,2018-02-14,109.9,121,2018-02-14,87.04,-0.009671179883945724,2018-02-14,291.59,0.0040286481647267,2018-02-14,88.44,-0.00874243443174183,2018-02-14,118.03,-0.00110020311442105,2018-02-14,17.41,0.0005747126436781436,2018-02-14,18.38,-0.0005437737901033968,2018-02-14,136.83,-0.00029224811865269373,2018-02-14,155.17,-0.006148722218664027,2018-02-14,14.05,0.0035714285714285587,2018-02-14,1.72,0.005847953216374213,2018-02-14,14.18,-0.010467550593161179,2018-02-14,80.19,-0.00877626699629186,2018-02-14,2.13,0.004716981132075304,2018-02-14,13.89,-0.004301075268817067,2018-02-14,83.26,-0.004186102140892212,2018-02-14,9.12,-0.012987012987013102
122,2018-02-13,109.46,122,2018-02-13,87.89,0.050310707456978854,2018-02-13,290.42,0.019375219375219466,2018-02-13,89.22,0.06113225499524266,2018-02-13,118.16,0.03349951893641223,2018-02-13,17.4,0.02473498233215543,2018-02-13,18.39,0.04251700680272119,2018-02-13,136.87,0.04266016606993217,2018-02-13,156.13,0.045816866501440234,2018-02-13,14.0,0.020408163265306145,2018-02-13,1.71,0.030120481927710774,2018-02-13,14.33,0.050586510263929574,2018-02-13,80.9,0.0414521112255406,2018-02-13,2.12,0.034146341463414887,2018-02-13,13.95,0.06896551724137923,2018-02-13,83.61,0.031840059237319585,2018-02-13,9.24,0.007633587786259666
123,2018-02-09,107.38,123,2018-02-09,83.68,-0.004165179102701311,2018-02-09,284.9,0.0053283460954867135,2018-02-09,84.08,-0.002017804154302638,2018-02-09,114.33,0.002718821259428239,2018-02-09,16.98,0.001179245283018826,2018-02-09,17.64,-0.0028264556246467842,2018-02-09,131.27,-0.0034919911941090342,2018-02-09,149.29,0.000200991558354513,2018-02-09,13.72,0.00512820512820511,2018-02-09,1.66,0.0060606060606061,2018-02-09,13.64,-0.002194586686174005,2018-02-09,77.68,-0.0035915854284246373,2018-02-09,2.05,-0.004854368932038944,2018-02-09,13.05,-0.005335365853658458,2018-02-09,81.03,-0.002339325289337557,2018-02-09,9.17,-0.007575757575757569
124,2018-02-08,106.81,124,2018-02-08,84.03,0.0026249850853119483,2018-02-08,283.39,-0.00158540022547915,2018-02-08,84.25,-0.0028405728488577475,2018-02-08,114.02,-0.0027114493133910678,2018-02-08,16.96,0.0023640661938533203,2018-02-08,17.69,0.001698754246885592,2018-02-08,131.73,0.0019014298752662029,2018-02-08,149.26,-0.0016053511705685919,2018-02-08,13.65,-0.001463057790782707,2018-02-08,1.65,0.0,2018-02-08,13.67,0.0029347028613351256,2018-02-08,77.96,0.0007702182284978765,2018-02-08,2.06,-0.004830917874396046,2018-02-08,13.12,0.0022918258212374365,2018-02-08,81.22,0.0025922725589433426,2018-02-08,9.24,0.0
125,2018-02-07,106.98,125,2018-02-07,83.81,-0.0009536297532483085,2018-02-07,283.84,-0.0002817695125388875,2018-02-07,84.49,0.004040404040403844,2018-02-07,114.33,-0.002617115938235992,2018-02-07,16.92,0.001776198934280604,2018-02-07,17.66,-0.002259887005649719,2018-02-07,131.48,-0.0028062191884717924,2018-02-07,149.5,0.001004352192835567,2018-02-07,13.67,-0.0007309941520468044,2018-02-07,1.65,0.0,2018-02-07,13.63,0.0007342143906021725,2018-02-07,77.9,-0.0063775510204081565,2018-02-07,2.07,0.004854368932038833,2018-02-07,13.09,-0.0060744115413818855,2018-02-07,81.01,-0.0017252002464571703,2018-02-07,9.24,0.006535947712418277
126,2018-02-06,107.01,126,2018-02-06,83.89,0.0007157342240249331,2018-02-06,283.92,-0.00494164651456197,2018-02-06,84.15,-0.005789224952740923,2018-02-06,114.63,0.0011353711790391685,2018-02-06,16.89,-0.003539823008849474,2018-02-06,17.7,-0.0011286681715575453,2018-02-06,131.85,-0.0005306246209824117,2018-02-06,149.35,-0.0011369716425897458,2018-02-06,13.68,-0.004366812227074246,2018-02-06,1.65,-0.0060240963855421326,2018-02-06,13.62,-0.002928257686676483,2018-02-06,78.4,-0.0029250922039932847,2018-02-06,2.06,-0.004830917874396046,2018-02-06,13.17,-0.0045351473922903285,2018-02-06,81.15,-0.0002463964518910622,2018-02-06,9.18,-0.004338394793926392
127,2018-02-05,107.54,127,2018-02-05,83.83,-0.010388383898004894,2018-02-05,285.33,-0.012288839656604877,2018-02-05,84.64,-0.020030103045038827,2018-02-05,114.5,-0.015138482711164691,2018-02-05,16.95,-0.010507880910682998,2018-02-05,17.72,-0.01171221416620194,2018-02-05,131.92,-0.01124269225003749,2018-02-05,149.52,-0.014175512626095954,2018-02-05,13.74,-0.012931034482758563,2018-02-05,1.66,-0.02352941176470591,2018-02-05,13.66,-0.006545454545454521,2018-02-05,78.63,0.000891038696537505,2018-02-05,2.07,-0.014285714285714457,2018-02-05,13.23,-0.014892032762471974,2018-02-05,81.17,-0.007459036439227185,2018-02-05,9.22,0.026726057906458767
128,2018-02-02,108.88,128,2018-02-02,84.71,-0.03683911313246169,2018-02-02,288.88,-0.0031402049760171913,2018-02-02,86.37,-0.026487826871054887,2018-02-02,116.26,-0.00810511048545337,2018-02-02,17.13,-0.01211072664359869,2018-02-02,17.93,-0.01591657519209655,2018-02-02,133.42,-0.016004130098089986,2018-02-02,151.67,-0.022051711909214067,2018-02-02,13.92,-0.002865329512894088,2018-02-02,1.7,-0.011627906976744207,2018-02-02,13.75,-0.028268551236749095,2018-02-02,78.56,-0.02373555362246793,2018-02-02,2.1,-0.014084507042253391,2018-02-02,13.43,-0.030324909747292406,2018-02-02,81.78,-0.017775642565457606,2018-02-02,8.98,-0.026030368763557465
129,2018-02-01,109.22,129,2018-02-01,87.95,-0.003060530491951874,2018-02-01,289.79,-0.005183659457603795,2018-02-01,88.72,-0.00022537750732476436,2018-02-01,117.21,0.005231560891938214,2018-02-01,17.34,0.0005770340450086398,2018-02-01,18.22,-0.003827227993439042,2018-02-01,135.59,-0.004039958865873272,2018-02-01,155.09,-0.002251672671127136,2018-02-01,13.96,-0.005698005698005604,2018-02-01,1.72,-0.005780346820809301,2018-02-01,14.15,-0.002115655853314524,2018-02-01,80.47,0.0011196815128142745,2018-02-01,2.13,-0.01388888888888895,2018-02-01,13.85,-0.0007215007215006786,2018-02-01,83.26,-0.006799475128235644,2018-02-01,9.22,-0.0010834236186348933
130,2018-01-31,109.79,130,2018-01-31,88.22,-0.0009060022650055899,2018-01-31,291.3,0.0025813113061434745,2018-01-31,88.74,0.0002254283137961277,2018-01-31,116.6,0.007256392536281853,2018-01-31,17.33,0.005803830528148479,2018-01-31,18.29,0.003291278113000562,2018-01-31,136.14,0.0032424465733233987,2018-01-31,155.44,-0.0024387113335899713,2018-01-31,14.04,0.0021413276231263545,2018-01-31,1.73,0.005813953488372103,2018-01-31,14.18,0.004249291784702569,2018-01-31,80.38,-0.0016147062476712382,2018-01-31,2.16,0.0046511627906977715,2018-01-31,13.86,0.003620564808110016,2018-01-31,83.83,0.00155316606929512,2018-01-31,9.23,0.0010845986984815426
131,2018-01-30,109.51,131,2018-01-30,88.3,0.0014744244073947588,2018-01-30,290.55,-0.00680248854857457,2018-01-30,88.72,-0.00022537750732476436,2018-01-30,115.76,0.005472075045600766,2018-01-30,17.23,-0.000580046403712231,2018-01-30,18.23,0.001098297638659984,2018-01-30,135.7,0.0011804633318577284,2018-01-30,155.82,0.008804868574388003,2018-01-30,14.01,-0.006382978723404209,2018-01-30,1.72,-0.005780346820809301,2018-01-30,14.12,0.002129169623846572,2018-01-30,80.51,-0.00727496917385928,2018-01-30,2.15,-0.004629629629629761,2018-01-30,13.81,0.002904865649963728,2018-01-30,83.7,-0.0007163323782235498,2018-01-30,9.22,0.005452562704471253
132,2018-01-29,110.26,132,2018-01-29,88.17,-0.008991794987074253,2018-01-29,292.54,-0.006486670062828881,2018-01-29,88.74,-0.004375631100639543,2018-01-29,115.13,-0.002685377685377688,2018-01-29,17.24,-0.005767012687427964,2018-01-29,18.21,-0.004373974849644524,2018-01-29,135.54,-0.00433409241166538,2018-01-29,154.46,-0.005088566827697205,2018-01-29,14.1,-0.006342494714587699,2018-01-29,1.73,-0.005747126436781658,2018-01-29,14.09,-0.0021246458923512845,2018-01-29,81.1,-0.003440648808060942,2018-01-29,2.16,-0.00917431192660556,2018-01-29,13.77,-0.005057803468208166,2018-01-29,83.76,-0.005225653206650804,2018-01-29,9.17,-0.00434310532030413
133,2018-01-26,110.98,133,2018-01-26,88.97,0.004856562005872922,2018-01-26,294.45,0.00187138482477045,2018-01-26,89.13,0.004508058153950056,2018-01-26,115.44,0.002344360510549537,2018-01-26,17.34,0.0017331022530329143,2018-01-26,18.29,0.0038419319429199295,2018-01-26,136.13,0.003908554572271461,2018-01-26,155.25,0.009493465114766897,2018-01-26,14.19,0.0014114326040930436,2018-01-26,1.74,0.0,2018-01-26,14.12,0.002129169623846572,2018-01-26,81.38,0.008801289202925444,2018-01-26,2.18,-0.004566210045662045,2018-01-26,13.84,0.0028985507246375164,2018-01-26,84.2,0.0035756853396899935,2018-01-26,9.21,0.005458515283842891
134,2018-01-25,110.77,134,2018-01-25,88.54,-0.004833089805552304,2018-01-25,293.9,-0.0030529172320218345,2018-01-25,88.73,-0.008049189491335929,2018-01-25,115.17,-0.005440414507771996,2018-01-25,17.31,-0.002305475504322918,2018-01-25,18.22,-0.0016438356164384382,2018-01-25,135.6,-0.0019871936409804336,2018-01-25,153.79,-0.0034989956586536364,2018-01-25,14.17,-0.0028149190710767824,2018-01-25,1.74,0.0,2018-01-25,14.09,-0.0035360678925036026,2018-01-25,80.67,-0.004197012714479698,2018-01-25,2.19,0.0,2018-01-25,13.8,-0.0028901734104045396,2018-01-25,83.9,-0.002615311459819303,2018-01-25,9.16,-0.002178649237472685
135,2018-01-24,111.11,135,2018-01-24,88.97,0.005879027699265071,2018-01-24,294.8,-0.0015241320914478607,2018-01-24,89.45,0.0014554411106135756,2018-01-24,115.8,0.004075262290817561,2018-01-24,17.35,0.004050925925926041,2018-01-24,18.25,0.0016465422612514935,2018-01-24,135.87,0.0016218208625138342,2018-01-24,154.33,0.0044910179640720305,2018-01-24,14.21,-0.002106741573033699,2018-01-24,1.74,0.0,2018-01-24,14.14,0.0014164305949009304,2018-01-24,81.01,0.003468351294438232,2018-01-24,2.19,0.0,2018-01-24,13.84,0.0014471780028944004,2018-01-24,84.12,0.0026221692491059656,2018-01-24,9.18,0.014364640883977708
136,2018-01-23,111.28,136,2018-01-23,88.45,0.002379873073436123,2018-01-23,295.25,0.008229750034148386,2018-01-23,89.32,0.004837439532005661,2018-01-23,115.33,0.0007809788267962858,2018-01-23,17.28,0.005235602094240788,2018-01-23,18.22,-0.0010964912280702066,2018-01-23,135.65,-0.0013251858941324413,2018-01-23,153.64,0.00688118487450029,2018-01-23,14.24,0.009213323883770386,2018-01-23,1.74,0.005780346820809301,2018-01-23,14.12,0.00426742532005675,2018-01-23,80.73,0.0038547624968914285,2018-01-23,2.19,0.004587155963302614,2018-01-23,13.82,0.0036310820624547713,2018-01-23,83.9,0.002389486260454099,2018-01-23,9.05,0.0022148394241419123
137,2018-01-22,110.37,137,2018-01-22,88.24,0.0002267059623668466,2018-01-22,292.84,-0.004419664105527965,2018-01-22,88.89,-0.002916432978126826,2018-01-22,115.24,0.001129354530449156,2018-01-22,17.19,-0.0011621150493899002,2018-01-22,18.24,-0.0005479452054795164,2018-01-22,135.83,-0.0007356727727506618,2018-01-22,152.59,-0.002549352856582421,2018-01-22,14.11,-0.004234297812279464,2018-01-22,1.73,-0.011428571428571455,2018-01-22,14.06,0.0,2018-01-22,80.42,-0.004949269982677418,2018-01-22,2.18,-0.00909090909090915,2018-01-22,13.77,-0.004338394793926281,2018-01-22,83.7,-0.0010741138560688146,2018-01-22,9.03,0.0033333333333331883
138,2018-01-19,110.86,138,2018-01-19,88.22,0.005127036572860844,2018-01-19,294.14,-0.00044177116253774074,2018-01-19,89.15,0.0023611423431528777,2018-01-19,115.11,0.0044502617801047695,2018-01-19,17.21,0.0011634671320535084,2018-01-19,18.25,0.005509641873278293,2018-01-19,135.93,0.005399408284023854,2018-01-19,152.98,0.004069309530060128,2018-01-19,14.17,-0.0007052186177715081,2018-01-19,1.75,0.005747126436781658,2018-01-19,14.06,0.005722460658083017,2018-01-19,80.82,0.004599129894344189,2018-01-19,2.2,0.0,2018-01-19,13.83,0.004357298474945592,2018-01-19,83.79,0.0,2018-01-19,9.0,0.004464285714285587
139,2018-01-18,110.91,139,2018-01-18,87.77,-0.0012517068730086844,2018-01-18,294.27,-0.002880184331797264,2018-01-18,88.94,0.0006750675067506151,2018-01-18,114.6,0.0041181109261367865,2018-01-18,17.19,0.0029171528588098905,2018-01-18,18.15,0.007773459189339027,2018-01-18,135.2,0.007902191739973086,2018-01-18,152.36,0.0100099436526353,2018-01-18,14.18,-0.002812939521800395,2018-01-18,1.74,-0.005714285714285672,2018-01-18,13.98,0.005032350826743359,2018-01-18,80.45,-0.005316518298714046,2018-01-18,2.2,-0.004524886877827927,2018-01-18,13.77,0.004376367614879584,2018-01-18,83.79,0.00035816618911166387,2018-01-18,8.96,-0.0033370411568408587
140,2018-01-17,111.23,140,2018-01-17,87.88,0.0005692815666629158,2018-01-17,295.12,-0.0026023184291459334,2018-01-17,88.88,-0.0005622399640167197,2018-01-17,114.13,0.0012281779103429091,2018-01-17,17.14,0.001753360607831711,2018-01-17,18.01,0.005583472920156485,2018-01-17,134.14,0.0063015753938482355,2018-01-17,150.85,0.0013940520446096283,2018-01-17,14.22,-0.002105263157894721,2018-01-17,1.75,-0.005681818181818232,2018-01-17,13.91,0.005784526391901634,2018-01-17,80.88,0.006972111553784854,2018-01-17,2.21,0.0,2018-01-17,13.71,0.0073475385745775945,2018-01-17,83.76,0.0014347202295552641,2018-01-17,8.99,0.0
141,2018-01-16,111.52,141,2018-01-16,87.83,-0.0004552179355867825,2018-01-16,295.89,-0.00827858962327399,2018-01-16,88.93,-0.013751802151491521,2018-01-16,113.99,-0.002712160979877587,2018-01-16,17.11,-0.005810575246949501,2018-01-16,17.91,-0.006104328523862335,2018-01-16,133.3,-0.00678041874674018,2018-01-16,150.64,-0.01005454425970953,2018-01-16,14.25,-0.009040333796940248,2018-01-16,1.76,-0.005649717514124353,2018-01-16,13.83,-0.002883922134102268,2018-01-16,80.32,-0.0008707550690385535,2018-01-16,2.21,-0.008968609865470878,2018-01-16,13.61,-0.002930402930403031,2018-01-16,83.64,-0.0061787072243345564,2018-01-16,8.99,-0.012087912087912045
142,2018-01-15,112.45,142,2018-01-15,87.87,-0.01069578923665826,2018-01-15,298.36,-0.006162353019552813,2018-01-15,90.17,-0.010751508502468532,2018-01-15,114.3,-0.012100259291270565,2018-01-15,17.21,-0.01091954022988495,2018-01-15,18.02,-0.009345794392523477,2018-01-15,134.21,-0.009008343793841855,2018-01-15,152.17,-0.008664495114006576,2018-01-15,14.38,-0.0055325034578146415,2018-01-15,1.77,-0.005617977528089901,2018-01-15,13.87,-0.010699001426533572,2018-01-15,80.39,-0.010341007017111936,2018-01-15,2.23,-0.01327433628318575,2018-01-15,13.65,-0.01015228426395931,2018-01-15,84.16,-0.009066289885788392,2018-01-15,9.1,-0.005464480874317057
143,2018-01-12,113.15,143,2018-01-12,88.82,0.0022568269013765185,2018-01-12,300.21,0.002738902434951118,2018-01-12,91.15,0.008742806551571558,2018-01-12,115.7,-0.0008635578583764403,2018-01-12,17.4,0.0,2018-01-12,18.19,-0.006010928961748596,2018-01-12,135.43,-0.005726451802363974,2018-01-12,153.5,0.002874689664184027,2018-01-12,14.46,0.0020790020790022457,2018-01-12,1.78,0.0,2018-01-12,14.02,0.0021443888491778917,2018-01-12,81.23,0.00594427244582052,2018-01-12,2.26,-0.00440528634361248,2018-01-12,13.79,-0.00648414985590795,2018-01-12,84.93,-0.001410934744268011,2018-01-12,9.15,-0.0032679738562090277
144,2018-01-11,112.84,144,2018-01-11,88.62,0.004534119247336266,2018-01-11,299.39,0.0008022731071368749,2018-01-11,90.36,0.005900033396415427,2018-01-11,115.8,0.004075262290817561,2018-01-11,17.4,0.0034602076124565784,2018-01-11,18.3,0.0066006600660066805,2018-01-11,136.21,0.0063538973032879476,2018-01-11,153.06,0.0049901510177281505,2018-01-11,14.43,0.0006934812760055475,2018-01-11,1.78,0.0,2018-01-11,13.99,0.006474820143884896,2018-01-11,80.75,0.010891337005508372,2018-01-11,2.27,0.004424778761062065,2018-01-11,13.88,0.006526468455402501,2018-01-11,85.05,0.0037767024666586213,2018-01-11,9.18,0.006578947368421018
145,2018-01-10,112.75,145,2018-01-10,88.22,0.00432604735883424,2018-01-10,299.15,0.03573036041962396,2018-01-10,89.83,0.017903682719546676,2018-01-10,115.33,-0.010297777396378605,2018-01-10,17.34,0.007553747821034129,2018-01-10,18.18,0.0011013215859030367,2018-01-10,135.35,0.0015539440580139008,2018-01-10,152.3,-0.011744857569268685,2018-01-10,14.42,0.03591954022988508,2018-01-10,1.78,0.040935672514619936,2018-01-10,13.9,-0.014883061658398256,2018-01-10,79.88,-0.00062554735393483,2018-01-10,2.26,0.06603773584905648,2018-01-10,13.79,-0.0007246376811594901,2018-01-10,84.73,0.020843373493975914,2018-01-10,9.12,0.0033003300330032292
146,2018-01-09,108.86,146,2018-01-09,87.84,-0.0044202652159129885,2018-01-09,288.83,-0.0014520311149525122,2018-01-09,88.25,-0.0003398278205709593,2018-01-09,116.53,0.002322380870462659,2018-01-09,17.21,0.0011634671320535084,2018-01-09,18.16,0.002207505518763808,2018-01-09,135.14,0.0020762271985761416,2018-01-09,154.11,0.005283757338551798,2018-01-09,13.92,-0.001434720229555153,2018-01-09,1.71,-0.005813953488372103,2018-01-09,14.11,-0.0007082152974504652,2018-01-09,79.93,0.001127254509018183,2018-01-09,2.12,0.0,2018-01-09,13.8,-0.0007241129616220032,2018-01-09,83.0,-0.001203369434416346,2018-01-09,9.09,-0.004381161007667167
147,2018-01-05,109.02,147,2018-01-05,88.23,0.0,2018-01-05,289.25,0.0027386812729668364,2018-01-05,88.28,0.0006801178871005398,2018-01-05,116.26,-0.0009452608060496193,2018-01-05,17.19,-0.0011621150493899002,2018-01-05,18.12,-0.0011025358324144863,2018-01-05,134.86,-0.0011850096282032263,2018-01-05,153.3,-0.004092769440654842,2018-01-05,13.94,0.0021567217828899476,2018-01-05,1.72,0.005847953216374213,2018-01-05,14.12,-0.0021201413427562876,2018-01-05,79.84,-0.0010010010010009784,2018-01-05,2.12,-0.004694835680751019,2018-01-05,13.81,-0.0007235890014472002,2018-01-05,83.1,-0.0008416496332813717,2018-01-05,9.13,-0.004362050163576825
148,2018-01-04,108.72,148,2018-01-04,88.23,,2018-01-04,288.46,,2018-01-04,88.22,,2018-01-04,116.37,,2018-01-04,17.21,,2018-01-04,18.14,,2018-01-04,135.02,,2018-01-04,153.93,,2018-01-04,13.91,,2018-01-04,1.71,,2018-01-04,14.15,,2018-01-04,79.92,,2018-01-04,2.13,,2018-01-04,13.82,,2018-01-04,83.17,,2018-01-04,9.17,
